شیوه سرمایه‌گذاری,تاریخ به‌روز رسانی,درجه‌بندی عملکرد فصل,ضامن نقدشوندگی,ضریب بتا,ضریب آلفا,بازده یک ساله,قیمت آماری,قیمت ابطال,قیمت صدور, دوره تقسیم سود ,کل ارزش خالص دارایی‌ها ,نماد,نوع صندوق,نام صندوق,آدرس سایت
قابل معامله,1405/05/05,----,----,----,----,0,13443,13438,13446,----,68532679418048,ثمر,در اوراق بهادار با درآمد ثابت, صندوق سرمایه گذاری در اوراق بهادار بادرآمد ثابت ثمر گندم,samaretf.ir
قابل معامله,1405/05/05,3.5,بانک ملت سهامی عام,----,----,35.975,18541,18770,18785,----,106301022932533,آتیه ملت,در اوراق بهادار با درآمد ثابت,آتیه ملت,atiehmellat.ir
قابل معامله,1405/05/05,4,----,----,----,37.71,118380,118684,118787,ندارد,72223652369552,آکورد,در اوراق بهادار با درآمد ثابت,آرمان آتی کوثر,aaketf.com
قابل معامله,1405/05/05,4,----,0.731051,30.75,93.75,777281,775564,782828,ندارد,19668021127154,آتیمس,در سهام,آرمان آتیه درخشان مس,armanmesetf.ir
قابل معامله,1405/05/05,----,----,----,----,31.61,10660,10624,10632,ندارد,31092863854438,آسا,در اوراق بهادار با درآمد ثابت,آرمان کارآفرین,akfund.ir
قابل معامله,1405/05/05,----,----,----,----,50.944,52385,52385,52640,----,3380022776396,آسام,مختلط,آسام,asaetf.ir
قابل معامله,1405/05/05,----,----,----,----,0,15060,15060,15193,----,4467681603128,آلکان,در سهام-بخشی,آلکان-صندوق بخشی مهرگان 1 - بخشی,sector.mehreganfunds.ir
قابل معامله,1405/05/05,----,----,0.778781,41.44,107.44,50936,50862,51324,ندارد,10623656127455,آوان,در سهام,آوان ژرف آگاه,avanfund.ir
قابل معامله,1405/05/05,----,----,0.696203,32.94,92.94,41110,41110,41494,ندارد,6096663678330,تاراز,در سهام,آوای تاراز زاگرس,tarazfund.ir
قابل معامله,1405/05/05,----,----,0.740811,56.86,119.86,145310,145239,146564,ندارد,9070755604339,رشدی کیان,در سهام,آوای سهام کیان,kianfunds2.ir
قابل معامله,1405/05/05,----,----,0.648434,0.45,58.45,27385,27336,27593,ندارد,7008712172105,آوا,در سهام,آوای معیار,avayemeyar.ir
قابل معامله,1405/04/27,----,----,0.064558,0.954795,0,10030,10030,10048,ندارد,2005958061160,اکستریم,در سهام,آینده نگر دیاکو,diacofund.ir
قابل معامله,1405/05/05,2.5,----,0.710145,12.27,73.27,42607,42432,42826,ندارد,24258898101864,ارزش,در سهام,ارزش آفرین بیدار,arzesh.ebb.ir
قابل معامله,1405/05/05,----,----,0.76977,4.93,69.93,20891,20635,20843,ندارد,4084012466964,نارین,در سهام,ارزش آفرین فولاد,narinfund.ir
قابل معامله,1405/05/05,4,----,----,----,36.57,27053,27142,27166,ندارد,97713910244334,پاداش,در اوراق بهادار با درآمد ثابت,ارزش پاداش,arzeshpadash.com
قابل معامله,1405/05/05,4.5,----,----,----,31.14,11022,10266,10287,1 ماهه,8544428812447,ارمغان,در اوراق بهادار با درآمد ثابت,ارمغان ایرانیان,armaghanfund.ir
قابل معامله,1403/04/08,----,----,----,----,38.654,1164504,1164504,1164504,ندارد,582251970300,نوآور,خصوصی,اعتبار سرمایه نوآفرین,esnfund.com
قابل معامله,1405/05/05,----,----,0.790167,44.44,110.44,95213,95213,96233,ندارد,8325529980088,اعتبارسهام,در سهام,اعتبار سهام ایرانیان,etebarsaham.com
قابل معامله,1405/05/05,4.5,----,----,----,36.32,132745,132745,132822,ندارد,324740306608817,اعتماد,در اوراق بهادار با درآمد ثابت,اعتماد آفرین پارسیان,eap-fund.com
قابل معامله,1405/05/05,----,----,----,----,35.57,23851,23712,23721,ندارد,35128231410519,آلا,در اوراق بهادار با درآمد ثابت,اعتماد ارغوان,etemadarghavan.sanaamc.com
قابل معامله,1405/05/05,----,----,----,----,36.88,38062,38301,38366,ندارد,35329855365785,داریک,در اوراق بهادار با درآمد ثابت,اعتماد داریک,etemaddarik.ir
قابل معامله,1405/05/05,3,----,----,----,39.32,51616,51597,51644,ندارد,439997228033427,افران,در اوراق بهادار با درآمد ثابت,افرا نماد پایدار,afra.fund
قابل معامله,1405/05/05,----,----,0.65871,15.564384,0,14117,13816,13950,ندارد,4144916520280,امتیاز,در سهام,امتیاز اول,emtiazeaval.ir
قابل معامله,1405/04/21,----,----,----,----,0,10013,10013,10014,ندارد,38883848572409,عمارت دی,املاک و مستغلات,املاک و مستغلات دی,dayrsf.ir
قابل معامله,1405/05/05,----,----,0.781871,13.748,74.748,13919,13913,14056,----,3520086995713,آوید,در سهام,امین آوید,aminavidfund.ir
قابل معامله,1405/05/05,----,----,0.646585,22.34,79.34,38025,37959,38306,ندارد,4679908802827,الماس,در سهام,امین تدبیرگران فردا,fardaetf.tadbirfunds.ir
قابل معامله,1405/05/05,----,----,0.982442,14.22,92.22,19987,19987,20183,ندارد,3806240694334,پیروز,در سهام,امین نهایت نگر,aminnahayatnegar.com
قابل معامله,1405/04/27,4,----,----,----,30.306,10475,10234,10249,1 ماهه,41714973496833,امین یکم,در اوراق بهادار با درآمد ثابت,امین یکم فردا,aminfarda.ir
قابل معامله,1405/05/05,----,----,0.063223,16.06,37.06,37387,36425,36755,ندارد,17531367150787,انار,در سهام,انار نماد ارزش,anar.fund
قابل معامله,1405/05/05,----,----,----,----,29.89,9861,10048,10055,1 ماهه,2009254899625,اندوخته داریوش,در اوراق بهادار با درآمد ثابت,اندوخته داریوش,andokhte.dariush.fund
قابل معامله,1405/05/05,----,----,0.442355,66.14,111.14,43756,43466,43885,ندارد,8122343338444,خبرگان,در سهام,اندیشه خبرگان سهام,khobreganfund.com
قابل معامله,1405/05/05,2.5,----,----,----,35.46,67434,66752,66793,ندارد,143962545395680,اوصتا,در اوراق بهادار با درآمد ثابت,اندیشه ورزان صبا تامین,sast.sabaamc.ir
قابل معامله,1405/05/05,----,----,0.870562,6.14,77.14,36854,36235,36599,ندارد,3961067168010,اوج,در سهام,اوج دماوند,oujdamavandfund.ir
قابل معامله,1405/05/05,----,----,----,----,36.07,25376,25376,25402,ندارد,1304917809393,بازده,در اوراق بهادار با درآمد ثابت,بازده پایا,baazdehsaabetfund.ir
قابل معامله,1405/05/05,----,----,0.524844,59.57,109.57,20211,20211,20417,ندارد,1573021815965,سهامدار,در سهام,بازده سهام,baazdehsaham.ir
قابل معامله,1405/05/05,----,----,----,----,35.99,21170,21202,21216,ندارد,12687896595249,بمان,در اوراق بهادار با درآمد ثابت,بازده مانا,baazdehmanafund.ir
قابل معامله,1405/05/05,----,----,----,----,0,10551,10551,10603,ندارد,52584140092017,سیلور,در اوراق بهادار مبتنی بر سپرده کالایی,بازده نقره نوا,baazdehnoghrehnavafund.ir
قابل معامله,1405/05/05,----,----,----,----,41.23,19659,19659,19848,ندارد,10205435023744,بازبیمه,در سهام-بخشی,بخشی بازده صنایع,baazdehbakhshifund.com
قابل معامله,1405/05/05,----,----,----,----,54.28,20083,20026,20234,ندارد,3141874820293,پتروداریوش,در سهام-بخشی,بخشی داریوش,petro.dariush.fund
قابل معامله,1405/05/05,----,----,----,----,24.57,11759,11759,11882,ندارد,1915499433750,ناوگان,در سهام-بخشی,بخشی زمرد نو ویرا,nsfmf.ir
قابل معامله,1405/05/05,----,----,----,----,46.29,21160,21160,21377,ندارد,3360508664982,پناه,در سهام-بخشی,بخشی شایسته فردا,shayestefarda.ir
قابل معامله,1405/05/05,----,----,----,----,0,9902,9902,9995,ندارد,3333138591371,بانکیا,در سهام-بخشی,بخشی صنایع آروین,sectorfund.arvincapital.ir
قابل معامله,1405/04/27,----,----,----,----,0,12034,12034,12159,ندارد,6341760209693,بانکو,در سهام-بخشی,بخشی صنایع آسمان,asemansectorfund.ir
قابل معامله,1405/05/05,----,----,----,----,63.52,28234,27715,27981,ندارد,9279219314765,پتروآگاه,در سهام-بخشی,بخشی صنایع آگاه,petroagahfund.ir
قابل معامله,1405/05/05,----,----,----,----,83.01,18914,18914,19103,ندارد,2542144675161,بانکدار,در سهام-بخشی,بخشی صنایع اعتبار,etebarsectorfund.ir
قابل معامله,1405/05/05,----,----,----,----,61.21,24302,24197,24430,ندارد,10202566785754,پتروصبا,در سهام-بخشی,بخشی صنایع اندیشه صبا,sabasectorfund.sabaamc.ir
قابل معامله,1405/05/05,----,----,----,----,53.49,18782,18772,18951,ندارد,2802467721310,پتروپاداش,در سهام-بخشی,بخشی صنایع پاداش,padashsectorfund.com
قابل معامله,1405/04/27,----,----,----,----,70.464,19351,18826,19019,ندارد,14572886961665,رویین,در سهام-بخشی,بخشی صنایع سورنا,surenasectorfund.ir
قابل معامله,1405/05/05,----,----,----,----,0,22915,22890,23113,ندارد,4953903937945,لذیذ,در سهام-بخشی,بخشی صنایع سینا,sinasectorfund.ir
قابل معامله,1405/04/27,----,----,----,----,82.894,23235,22602,22832,ندارد,12487260102064,استیل,در سهام-بخشی,بخشی صنایع مفید,mofidsectorfund.com
قابل معامله,1405/05/05,----,----,----,----,22.68,13987,13987,14130,ندارد,11504374185469,بهین رو,در سهام-بخشی,بخشی صنایع ویستا,vistakhodro.ir
قابل معامله,1405/04/27,3.5,----,----,----,87.34,19873,19873,20068,ندارد,30766023583925,رسانا,در سهام-بخشی,بخشی گستره فیروزه,gostareh.fundz.ir
قابل معامله,1405/05/05,----,----,0.748355,20.42,84.42,350038,346239,349499,ندارد,2656906050567,پادا,در سهام,پاداش سرمایه پارس,padashparsfund.com
قابل معامله,1405/05/05,----,----,----,----,37.496,16857,16857,16949,----,6047069310300,شیلد,مختلط,پارس,parsfund.ir
قابل معامله,1405/05/05,----,----,----,----,30.42,10084,10198,10208,1 ماهه,39396005571427,پارند,در اوراق بهادار با درآمد ثابت,پارند پایدار سپهر,parandfund.ir
قابل معامله,1405/05/05,----,----,----,----,207.63,660662,660662,667048,ندارد,458859885423481,پالایش,در سهام-بخشی,پالایشی یکم,p1fund.ir
قابل معامله,1405/05/05,2,----,----,----,37.53,26634,26689,26709,ندارد,91377884764046,پایا,در اوراق بهادار با درآمد ثابت,پایا قلک پویا,irpsf.ir
قابل معامله,1405/05/05,----,----,0.770745,28.5,93.5,19033,19033,19235,ندارد,2466732956657,ابتکار,در سهام,پرتو ابتکار هدف,ebtekarhadaf.ir
قابل معامله,1405/05/05,----,----,----,----,155.94,1312035,1312035,1317977,ندارد,968544743446055,طلا,در اوراق بهادار مبتنی بر سپرده کالایی,پشتوانه چند کالایی پارسیان,lotusgoldfund.capital
قابل معامله,1405/05/05,----,----,----,----,152.87,792672,792672,796208,ندارد,130262851021616,زر,در اوراق بهادار مبتنی بر سپرده کالایی,پشتوانه سکه طلای زرافشان امید ایرانیان,omidgoldfund.ir
قابل معامله,1405/05/05,----,----,----,----,154.73,35942,35942,36107,ندارد,24013642251315,گلدیس,در اوراق بهادار مبتنی بر سپرده کالایی,پشتوانه طلای گلدیس نوین,goldisfund.ir
قابل معامله,1405/05/05,----,----,----,----,48.49,16194,16194,16273,ندارد,8185629032219,همیان,در اوراق بهادار مبتنی بر سپرده کالایی,پشتوانه طلای همیان سپهر,hsfund.ir
قابل معامله,1405/04/27,4,----,----,----,37.556,25110,24921,24946,ندارد,278286488217635,تداوم,در اوراق بهادار با درآمد ثابت,تداوم اطمینان تمدن,tadavomtamadon.ir
قابل معامله,1405/05/05,----,----,0.747276,12.89,76.89,33185,32370,32685,ندارد,1237131959887,ترمه,در سهام,ترمه ایساتیس پویا,termeh.isatispm.com
قابل معامله,1405/05/05,----,----,----,----,31.2,10415,10050,10071,1 ماهه,5025385656047,ترنج ثابت,در اوراق بهادار با درآمد ثابت,ترنج سودمند,toranj.fund
قابل معامله,1405/05/05,----,----,----,----,61.12,35305,35154,35420,ندارد,7358117171990,ضمان,با تضمین اصل مبلغ سرمایه گذاری,تضمین اصل سرمایه کاریزما,tazmin.charisma.ir
قابل معامله,1405/05/05,3.5,----,----,----,27.21,22702,22553,22633,ندارد,24285453790621,گارانتی,با تضمین اصل مبلغ سرمایه گذاری,تضمین اصل سرمایه گیتی دماوند,gitidamavandfund.ir
قابل معامله,1405/05/05,----,----,----,----,92.25,44561,44561,44654,ندارد,9156293195536,تمشک,صندوق در صندوق,تمشک نماد رشد,tameshk.fund
قابل معامله,1405/04/27,4,----,0.764387,32.063,90.063,117310,116788,117846,ندارد,93709939245383,اطلس,در سهام,توسعه اطلس مفید,atlasetf.com
قابل معامله,1405/05/05,2,----,----,----,35.55,26371,26520,26533,ندارد,22603341135316,رابین,در اوراق بهادار با درآمد ثابت,توسعه افق رابین,rabinetf.ir
قابل معامله,1405/05/05,----,----,----,----,36.12,11719,11821,11828,ندارد,7087033002836,نیک گستر,در اوراق بهادار با درآمد ثابت,توسعه سرمایه نیکی,nikigroup.ir
قابل معامله,1405/05/05,----,----,----,----,29.67,10058,10132,10137,1 ماهه,5015106539348,آکام,در اوراق بهادار با درآمد ثابت,ثابت آکام,akamvista.ir
قابل معامله,1405/04/27,3,----,----,----,36.895,28641,28633,28650,ندارد,490340124398123,آوند,در اوراق بهادار با درآمد ثابت,ثابت آوند مفید,avandetf.ir
قابل معامله,1405/04/27,----,----,----,----,32.861,31994,32082,32099,ندارد,43813326075102,مانی,در اوراق بهادار با درآمد ثابت,ثابت مانی,manifunds.ir
قابل معامله,1405/05/05,4.5,----,----,----,37.88,35751,35767,35783,ندارد,248519256963080,ثبات,در اوراق بهادار با درآمد ثابت,ثبات ویستا,sobatvista.ir
قابل معامله,1405/05/05,5,----,0.743685,37.59,100.59,437837,432747,436893,ندارد,38367355144926,ثروتم,در سهام,ثروت آفرین پارسیان,sap-fund.com
قابل معامله,1405/05/05,----,----,0.736041,36.26,99.26,60531,60330,60892,ندارد,11251306380761,ثمین,در سهام,ثروت افزون ثمین,saminfund.ir
قابل معامله,1405/05/05,2,----,----,----,36.7,23856,23893,23911,ندارد,41544500590466,فاخر,در اوراق بهادار با درآمد ثابت,ثروت افزون فاخر,fakherfund.ir
قابل معامله,1405/05/05,----,----,0.432258,35.83,79.83,25014,24907,25141,ندارد,216729269391,رخش,در سهام,ثروت البرز,servatalborz.ir
قابل معامله,1405/05/05,----,----,0.834741,15.96,84.96,35874,35874,36258,ندارد,16243886466883,داریوش,در سهام,ثروت داریوش,servat.dariush.fund
قابل معامله,1405/05/05,----,----,0.851977,19.96,89.96,38694,38195,38590,ندارد,4181684893282,هیوا,در سهام,ثروت هیوا,hiwafund.ir
قابل معامله,1405/05/05,----,----,0.820768,0.407945,0,12946,12745,12873,ندارد,2549153454128,جام سهند,در سهام,جام سبز سهند,jamsabzsahand.ir
قابل معامله,1405/05/05,----,----,----,----,0,16585,16585,16664,----,56414399430881,جام,در اوراق بهادار مبتنی بر سپرده کالایی,جام- صندوق کالای فارابی 2-بخشی,energy.irfarabi.ir
قابل معامله,1405/05/05,----,----,----,----,0,17739,17739,17825,ندارد,96210131568371,ریتون,در اوراق بهادار مبتنی بر سپرده کالایی,چند کالایی پاسارگاد,goldpod.ir
قابل معامله,1405/05/05,----,----,----,----,156.3,68584,68584,68910,ندارد,172318291422593,جواهر,در اوراق بهادار مبتنی بر سپرده کالایی,چند کالایی دنای زاگرس,javaherfund.ir
قابل معامله,1405/05/05,----,----,----,----,0,18667,18667,18758,ندارد,45478863090205,زرگر,در اوراق بهادار مبتنی بر سپرده کالایی,چند کالایی کارآمد,kalakaramad.ir
قابل معامله,1405/05/05,----,----,----,----,156.43,62577,62577,62870,ندارد,121852666408988,ناب,در اوراق بهادار مبتنی بر سپرده کالایی,چند کالایی نهایت پایدار,nahayatgold.com
قابل معامله,1405/05/05,----,----,----,----,77.08,66212,66212,66523,ندارد,22791234581233,نهال,در اوراق بهادار مبتنی بر سپرده کالایی,چند کالایی نو ویرا,novirakala.fund
قابل معامله,1405/05/05,----,----,----,----,37.03,40575,39836,39876,ندارد,20259706010549,خاتم,در اوراق بهادار با درآمد ثابت,خاتم ایساتیس پویا,etf.isatispm.com
قابل معامله,1405/04/27,----,----,----,----,13.832,991015,991015,991015,ندارد,3468552678691,اکسیر,خصوصی,خصوصی اکسیر زیست پارسیان,eksirpefund.ir
قابل معامله,1405/04/20,----,----,----,----,7.347,611853,611853,612001,ندارد,3120452716372,دیوان,خصوصی,خصوصی دیوان ارزش,divan-pe.ir
قابل معامله,----,----,----,----,----,----,----,----,----,----,----,راهکار,خصوصی,خصوصی راهکارهای توسعه نوآفرین,rtnfund.ir
قابل معامله,1405/05/05,----,----,----,----,75.75,26336,26336,26419,ندارد,11053659394922,خوشه,صندوق در صندوق,خوشه گندم نو ویرا,khooshe.fund
قابل معامله,1405/05/05,4,----,----,----,38.39,24302,24170,24189,ندارد,50977035511735,دارا,در اوراق بهادار با درآمد ثابت,دارا الگوریتم,darafund.ir
قابل معامله,1405/05/05,----,----,----,----,39.79,33538,33665,33693,ندارد,33665725421717,یارا,در اوراق بهادار با درآمد ثابت,در اوراق بهادار با درآمد ثابت آریا,fund1.ariaamc.ir
قابل معامله,1405/05/05,4.5,----,----,----,37.08,18527,18527,18537,ندارد,126493649358961,ارکیده,در اوراق بهادار با درآمد ثابت,در اوراق بهادار با درآمد ثابت ارکیده,orkideh.fund
قابل معامله,1405/05/05,----,----,----,----,36.49,18190,18526,18540,ندارد,7993514062125,ثابت اکسیژن,در اوراق بهادار با درآمد ثابت,در اوراق بهادار با درآمد ثابت اکسیژن,nitrogen.o2am.ir
قابل معامله,1405/05/05,4.5,----,----,----,40.56,16620,16715,16729,ندارد,451331100407567,پاسارگاد,در اوراق بهادار با درآمد ثابت,در اوراق بهادار با درآمد ثابت پاسارگاد,pasargadetffund.ir
قابل معامله,1405/05/05,----,----,----,----,37.45,58182,58182,58260,ندارد,10548440968793,تصمیم,در اوراق بهادار با درآمد ثابت,در اوراق بهادار با درآمد ثابت تصمیم,tasmim-sabet.ir
قابل معامله,1405/05/05,4.5,----,----,----,38.31,23169,23114,23143,ندارد,152557490082215,توسکا,در اوراق بهادار با درآمد ثابت,در اوراق بهادار با درآمد ثابت توسعه فولاد,tuskafund.ir
قابل معامله,1405/05/05,----,----,----,----,11.52,12378,12378,12384,ندارد,123184832663,ماکان,در اوراق بهادار با درآمد ثابت,در اوراق بهادار با درآمد ثابت ثروت ماکان,makanfund.ir
قابل معامله,1405/05/05,3.5,----,----,----,27.68,11162,10044,10063,1 ماهه,26683415787608,نخل,در اوراق بهادار با درآمد ثابت,در اوراق بهادار با درآمد ثابت خلیج فارس,nakhl.pgibc.ir
قابل معامله,1405/05/05,----,----,----,----,37.53,20004,20025,20039,ندارد,40049710098834,پایش,در اوراق بهادار با درآمد ثابت,در اوراق بهادار با درآمد ثابت دینا,dinafunds1.com
قابل معامله,1405/05/05,----,----,----,----,0,12069,12069,12075,ندارد,7612416474954,رایبد,در اوراق بهادار با درآمد ثابت,در اوراق بهادار با درآمد ثابت رایبد,raybodfixedincome.ir
قابل معامله,1405/05/05,4.5,----,----,----,36.69,18177,18120,18136,ندارد,103542315442410,شمیم,در اوراق بهادار با درآمد ثابت,در اوراق بهادار با درآمد ثابت شمیم تابان مهرگان,shamimfund.ir
قابل معامله,1405/05/05,4.5,----,----,----,37.2,17512,17512,17526,ندارد,162500283744977,کارآمد,در اوراق بهادار با درآمد ثابت,در اوراق بهادار با درآمد ثابت کارآمد,karamadfund.ir
قابل معامله,1405/05/05,3.5,----,----,----,30.28,10445,10182,10189,1 ماهه,81974175202478,کمند,در اوراق بهادار با درآمد ثابت,در اوراق بهادار با درآمد ثابت کمند,kamandfixedincome.com
قابل معامله,1405/05/05,4.5,----,----,----,37.65,107105,106289,106376,ندارد,425143729792940,کیان,در اوراق بهادار با درآمد ثابت,در اوراق بهادار با درآمد ثابت کیان,kianfunds1.ir
قابل معامله,1405/05/05,3.5,تامین سرمایه امید,----,----,30.194,13430,13484,13493,----,70250910898295,آسان,در اوراق بهادار با درآمد ثابت,در اوراق بهادار با درآمد ثابت گنجینه مهر,ganjinehmehrfund.ir
قابل معامله,1405/05/05,----,----,----,----,157.98,107693,107693,108197,ندارد,70272547182254,نفیس,در اوراق بهادار مبتنی بر سپرده کالایی,در اوراق بهادار مبتنی بر طلای صبا,nafis.sabaamc.ir
قابل معامله,1405/05/05,----,----,----,----,152.639,58400,58400,58675,----,127613718876574,آلتون,در اوراق بهادار مبتنی بر سپرده کالایی,در اوراق بهادار مبتنی بر کالای آسمان,altonfund.ir
قابل معامله,1405/05/05,----,----,----,----,152.93,136335,136335,136990,ندارد,70308311984267,زرفام,در اوراق بهادار مبتنی بر سپرده کالایی,در اوراق بهادار مبتنی بر کالای آشنا,goldfund.ir
قابل معامله,1405/05/05,----,----,----,----,0,16882,16882,16963,ندارد,39733498629781,گلدا,در اوراق بهادار مبتنی بر سپرده کالایی,در اوراق بهادار مبتنی بر کالای پاداش,golda.ir
قابل معامله,1405/05/05,----,----,----,----,127.09,22709,22709,22814,ندارد,102316075732268,رز,در اوراق بهادار مبتنی بر سپرده کالایی,در اوراق بهادار مبتنی بر کالای ترنج,roz.fund
قابل معامله,1405/04/27,----,----,----,----,0,11150,11150,11202,ندارد,16320089706985,میراث,در اوراق بهادار مبتنی بر سپرده کالایی,در اوراق بهادار مبتنی بر کالای کوروش,kalafund.ir
قابل معامله,1405/05/05,----,----,0.512142,-36.821918,0,11925,11786,11887,ندارد,1727145820630,یکم,در سهام,در سهام اطلس,saham.atlasamc.ir
قابل معامله,1405/05/05,----,----,0.781581,21.85,87.85,31868,31868,32177,ندارد,2210999177929,برلیان,در سهام,در سهام برلیان,berelianfund.ir
قابل معامله,1405/05/05,----,----,0.874377,1.49,72.49,35716,35106,35431,ندارد,643434755910,پرتو,در سهام,در سهام دینا,partofund.ir
قابل معامله,1405/04/27,----,----,0.806671,3.813945,0,13301,13301,13442,ندارد,2862146385176,رادان,در سهام,در سهام راد,radanfund.ir
قابل معامله,1405/05/05,4,----,----,----,36.11,24420,24932,24965,ندارد,39814299910308,درین,در اوراق بهادار با درآمد ثابت,درین آتا,dorinfund.com
قابل معامله,1405/05/05,----,----,0.801691,22.37,89.37,19081,19081,19263,ندارد,9853999306126,دی سهام,در سهام,دی سهام,dayfund.ir
قابل معامله,1404/12/29,----,----,0.537295,-25.37,1.63,12573,12573,12574,ندارد,295333638287,رماس,در سهام,راهبرد ممتاز ابن سینا,emacofund.ir
قابل معامله,1405/05/05,----,----,----,----,51.53,18221,18277,18367,ندارد,695434913641,آفرین,مختلط,رشد آفرین سرمایه,roshdafarinfund.ir
قابل معامله,1405/05/05,----,----,0.610663,3.75,58.75,15688,15426,15581,ندارد,410320919480,رونق,در سهام,رونق کسرا,ronagh.kasra-am.ir
قابل معامله,1405/05/05,----,----,0.558215,45.48,97.48,20780,20392,20600,ندارد,976340468029,رویش همراه,در سهام,رویش همراه سرمایه,rooyeshetf.ir
قابل معامله,1405/05/05,----,----,0.614199,63,118,51283,51263,51771,ندارد,4500924900986,زرین,در سهام,زرین کوروش,zarinfunds.com
قابل معامله,1405/05/05,----,----,0.613968,21.12,76.12,36762,36595,36918,ندارد,278118582343,ثنا,در سهام,زرین نهال ثنا,zarinnahal.sanaamc.com
قابل معامله,1405/05/05,4,----,----,----,38.19,17005,17083,17097,ندارد,85415645732720,زمرد کوروش,در اوراق بهادار با درآمد ثابت,زمرد کوروش,zomorodkourosh.com
قابل معامله,----,----,----,----,----,----,----,----,----,----,----,صغرب,زمین و ساختمان,زمین و ساختمان مسکن شمال غرب,hicfund.ir
قابل معامله,----,----,----,----,----,----,----,----,----,----,----,نارون,زمین و ساختمان,زمین و ساختمان مسکن نارون,narvanfund.ir
قابل معامله,----,----,----,----,----,----,----,----,----,----,----,نسيم,زمین و ساختمان,زمین و ساختمان نسیم,nasimfund.com
قابل معامله,----,----,----,----,----,----,----,----,----,----,----,نگین,زمین و ساختمان,زمین و ساختمان نگین شهر ری,neginfund.ir
قابل معامله,1405/05/05,3,----,----,----,43.25,42200,41599,41860,ندارد,63892417467237,زیتون,مختلط,زیتون نماد پایا,zeytoon.fund
قابل معامله,1405/05/05,4.5,----,----,----,37.06,28732,28957,28979,ندارد,74055527694602,ساحل,در اوراق بهادار با درآمد ثابت,ساحل سرمایه امن خلیج فارس,sahel.pgibc.ir
قابل معامله,1405/05/05,4,----,----,----,38.53,45079,44653,44694,ندارد,517973114030106,سپر,در اوراق بهادار با درآمد ثابت,سپر سرمایه بیدار,separ.ebb.ir
قابل معامله,1405/05/05,----,----,----,----,73.63,486693,484766,487714,ندارد,5685123593865,صنوین,مختلط,سپهر اندیشه نوین,sepehrnovin.ir
قابل معامله,1405/05/05,----,----,----,----,30.02,11355,11552,11564,ندارد,4590966828567,سخند,در اوراق بهادار با درآمد ثابت,سپهر خبرگان نفت,khobregan-etf.com
قابل معامله,1405/04/27,2,----,----,----,35.494,25891,25668,25685,ندارد,42743524980482,سیناد,در اوراق بهادار با درآمد ثابت,سپهر سودمند سینا,sinaetf.ir
قابل معامله,1405/05/05,4,----,----,----,33.54,33790,33816,33850,ندارد,200808231483931,سپیدما,در اوراق بهادار با درآمد ثابت,سپید دماوند,sepiddamavandfund.ir
قابل معامله,1405/05/05,----,----,----,----,36.76,20615,20780,20798,ندارد,88237442218759,ستاره,در اوراق بهادار با درآمد ثابت,ستاره پایدار سپهر,sepehrati.ir
قابل معامله,1405/05/04,----,----,0.79217,-20.60274,0,13879,13774,13913,ندارد,1015708593572,بزرگ,در سهام,سرزمین بزرگ بازار,bozorgfund.ir
قابل معامله,1405/05/05,4.5,----,0.707588,32.39,93.39,35923,35339,35811,ندارد,35510585862238,سرو,در سهام,سرو سودمند مدبران,sarv.fund
قابل معامله,1405/05/05,----,----,0.903853,17.82,90.82,41314,41250,41670,ندارد,1021353408908,ویستا,در سهام,سهام ویستا,vistasahm.ir
قابل معامله,1405/05/05,----,----,0.824765,-11.61,56.39,29545,29545,29831,ندارد,1539300764470,اکسیژن,در سهام,سهامی اکسیژن,oxygen.o2am.ir
قابل معامله,1405/04/27,----,----,----,----,127.587,37320,37026,37406,ندارد,127705096100554,توان,در سهام-سهامی اهرمی,سهامی اهرمی توان مفید,tavanfund.com
قابل معامله,1405/05/05,----,----,----,----,222.69,17802,17572,17737,ندارد,41282409451944,دوایکس,در سهام-سهامی اهرمی,سهامی اهرمی شاخصی کیان,kianfunds10.ir
قابل معامله,1405/05/05,----,----,0.558212,47.45,99.45,20402,20733,20938,ندارد,4145560172120,پرتوسا,در سهام,سهامی پرتو آمال,fund.amalamc.ir
قابل معامله,1405/05/05,----,----,0.858647,2.81,72.81,23554,23499,23734,ندارد,4272356703971,تیام,در سهام,سهامی تیام,tiamfund.ir
قابل معامله,1405/05/05,----,----,0.633097,5.44,62.44,22278,22100,22336,ندارد,710951909761,ثروت ساز,در سهام,سهامی ثروت ساز دیبا,servatsazdiba.ir
قابل معامله,1405/05/05,4.5,----,0.776762,20.86,85.86,61529,60439,61013,ندارد,16030393375796,کاریس,در سهام,سهامی سپند کاریزما,sepand.charismafunds.ir
قابل معامله,1405/05/05,----,----,0.813468,-23.22,44.78,18033,17647,17820,ندارد,563369600354,هوشیار,در سهام,سهامی هوش تصمیم,tasmim-houshfund.ir
قابل معامله,1405/05/05,----,----,0.66961,-25.99726,0,13655,13592,13722,ندارد,2083688780160,هم ارز,در سهام,سهم نگر جام جم,jamejamsfund.ir
قابل معامله,1405/05/05,----,----,----,----,59.787,32031,32031,32355,----,5007761273199,سیمانا,در سهام-بخشی,سیمانا - صندوق س صنایع دایا2-بخشی,daya.charismafunds.ir
قابل معامله,1405/05/05,----,----,----,----,171.187,56773,56773,57034,----,57709765281377,سینرژی,در اوراق بهادار مبتنی بر سپرده کالایی,سینرژی- صندوق کالای فارابی 1-بخشی,energy.irfarabi.ir
قابل معامله,1405/04/27,----,----,----,----,63.362,31690,31501,31798,ندارد,13013034768934,آرام,در سهام-شاخصی,شاخصی آرام مفید,arametf.com
قابل معامله,1405/05/05,----,----,----,----,89.31,42625,42344,42744,ندارد,1779478920970,وبازار,در سهام-شاخصی,شاخصی بازار آشنا,indexfund.ir
قابل معامله,1405/05/05,----,----,----,----,58.73,13983,14079,14227,ندارد,865205007313,هوشمند,در سهام-شاخصی,شاخصی شفق رابین,rabindex.ir
قابل معامله,1405/05/05,----,----,----,----,77.8,235010,226289,228594,----,11670130284418,کاردان,در سهام-شاخصی,شاخصی کاردان,iran-kfunds3.ir
قابل معامله,1405/05/05,----,----,----,----,68.78,19983,19933,20133,ندارد,9710218114696,هم تراز,در سهام-شاخصی,شاخصی هم وزن تراز,taraz.charismafunds.ir
قابل معامله,1405/04/27,----,----,----,----,0,13329,13317,13445,ندارد,15445458776964,همسنگ,در سهام-شاخصی,شاخصی هم وزن همسنگ مفید,hamsangetf.com
قابل معامله,1405/05/05,----,----,----,----,30.39,10197,10179,10193,1 ماهه,2499023548133,بلوط,در اوراق بهادار با درآمد ثابت,شکوه بامداد زاگرس,shokouhfund.ir
قابل معامله,1405/05/05,----,----,0.708301,38.99,99.99,34266,33900,34208,ندارد,797564407443,صدف,در سهام,صدف سهام,sadaffund.com
قابل معامله,1405/05/05,----,----,----,----,124.133,129735,129735,130339,----,388816864641381,مثقال,در اوراق بهادار مبتنی بر سپرده کالایی,صندوق  سرمایه گذاری مبتنی بر کالای آگاه,zarinagahfund.com
قابل معامله,1405/05/05,----,----,----,----,31.221,10340,10184,10193,----,11208406194578,هامرز,در اوراق بهادار با درآمد ثابت,صندوق اعتماد هامرز,hummersfund.ir
قابل معامله,1405/05/05,----,----,----,----,0.213,12679,12679,12682,----,1901890444018,دانیک,املاک و مستغلات,صندوق املاک  و مستغلات نیک رای,nikrayreits.ir
قابل معامله,1405/05/05,----,----,----,----,187.239,29575,29509,29761,----,88565119244139,شتاب,در سهام-سهامی اهرمی,صندوق اهرمی شتاب آگاه,shetabfund.ir
قابل معامله,1405/05/05,----,----,----,----,247.018,29958,29943,30257,----,103447231179154,نارنج اهرم,در سهام-سهامی اهرمی,صندوق اهرمی نارنج,narenj.fund
قابل معامله,1405/05/05,----,----,----,----,122.652,43992,43691,44134,----,285823041116599,اهرم,در سهام-سهامی اهرمی,صندوق اهرمی_قابل معامله,ahrom.charismafunds.ir
قابل معامله,1405/05/05,----,----,----,----,158.061,25370,25370,25628,----,7163970607134,فارمانی,در سهام-بخشی,صندوق بخشی آرمان آتی,aftabfund.ir
قابل معامله,1405/05/05,----,----,----,----,66.205,23609,23503,23738,----,11746520801148,پتروفارس,در سهام-بخشی,صندوق بخشی خبره صنعت خلیج فارس,fars.pgibc.ir
قابل معامله,1405/05/05,----,----,----,----,158.061,25370,25370,25628,----,7163970607134,فارمانی,در سهام-بخشی,صندوق بخشی فارمانی(فارمانی),aftabfund.ir
قابل معامله,1405/05/05,----,----,0.813167,-24.443,35.557,289434,287784,290409,----,19350780512584,بذر,در سهام,صندوق بذر,bazreomidfund.ir
قابل معامله,1405/04/30,----,----,----,----,4.257,364201962,364201962,364201962,----,28407753011412,پرند,پروژه‌ای,صندوق پروژه ای,apmprojectfund.ir
قابل معامله,1405/05/05,----,----,----,----,73.01,35342,35342,35513,ندارد,4106079116803,صنم,صندوق در صندوق,صندوق در صندوق صنم,sanam.charisma.ir
قابل معامله,1405/05/05,----,----,----,----,46.096,19983,19983,20179,----,2377927928929,پتروآبان,در سهام-بخشی,صندوق س. بخشی صنایع آبان-ب (پتروآبان),apfund.ir
قابل معامله,1405/05/05,----,----,----,----,0,16308,16308,16467,----,4738917830215,نبات,در سهام-بخشی,صندوق س. بخشی صنایع دانایان1-ب (نبات),sector.danayan.ir
قابل معامله,1405/05/05,----,----,----,----,0,13147,13147,13278,----,2867086854608,ولتاژ,در سهام-بخشی,صندوق س. بخشی صنایع گندم1-ب (ولتاژ),sectoretf.ir
قابل معامله,1405/05/05,----,----,----,----,155.901,24720,24720,24831,----,65573267952804,امرالد,در اوراق بهادار مبتنی بر سپرده کالایی,صندوق س. کالای کیمیا (امرالد),kimiagoldfund.ir
قابل معامله,1405/05/05,----,----,----,----,0,10002,10002,10007,----,4000918583320,پلاتا,در اوراق بهادار مبتنی بر سپرده کالایی,صندوق س. کالای کیمیا1 (پلاتا),kimiagoldfund.ir
قابل معامله,1405/05/05,----,----,----,----,102.257,26996,25545,25785,----,5767562926698,فلزفارابی,در سهام-بخشی,صندوق س.بخشي فلز فارابي-ب (فلزفارابي),felez.irfarabi.ir
قابل معامله,1405/05/05,----,----,----,----,66.205,23609,23503,23738,----,11746520801148,پتروفارس,در سهام-بخشی,صندوق س.بخشی خبره خلیج فارس-ب (پتروفارس),fars.pgibc.ir
قابل معامله,1405/05/05,----,----,----,----,53.416,17090,15831,15984,----,970259063487,پولاد,در سهام-بخشی,صندوق س.بخشی صنایع آبان2-ب (پولاد),apfund.ir
قابل معامله,1405/05/05,----,----,----,----,67.413,31919,31919,32243,----,3460011745911,سیمانیا,در سهام-بخشی,صندوق س.بخشی صنایع داریا-ب (سیمانیا),dariafund.ir
قابل معامله,1405/05/05,----,----,----,----,19.053,11066,11066,11186,----,4771463277284,تخت گاز,در سهام-بخشی,صندوق س.بخشی صنایع معیار-ب (تخت گاز),meyarsectorfund.ir
قابل معامله,1405/05/05,----,----,----,----,90.199,26885,25422,25680,----,16540872703890,آذرین,در سهام-بخشی,صندوق س.بخشی فلزات کیمیا-ب (آذرین),kimiasectorfund.ir
قابل معامله,1405/05/05,----,----,----,----,155.992,148176,148176,148868,----,384812509828730,مثقال,در اوراق بهادار مبتنی بر سپرده کالایی,صندوق س.کالای آگاه (مثقال),zarinagahfund.com
قابل معامله,1405/05/05,----,----,----,----,0,10011,10011,10040,----,4004354812651,----,در اوراق بهادار مبتنی بر سپرده کالایی,صندوق س.کالای آگاه (نقراط),zarinagahfund.com
قابل معامله,1405/05/05,----,----,----,----,0,10395,10395,10445,----,51974721970203,سیمین,در اوراق بهادار مبتنی بر سپرده کالایی,صندوق س.نقره سیمین هوبر (سیمین),silver.hummersam.ir
قابل معامله,1405/05/05,----,----,0.91316,39.437,108.437,29688,29448,29739,----,10115999642337,خلیج,در سهام,صندوق سرمایه قابل معامله گنجینه مینو خلیج فارس,khalij.pgibc.ir
قابل معامله,1405/05/05,----,----,----,----,0,20950,20950,21052,----,12728997682406,درنا,در اوراق بهادار مبتنی بر سپرده کالایی,صندوق سرمایه گذاري پشتوانه كالاي درنا,dorna-gold.ir
قابل معامله,1405/05/05,----,----,0.634671,29.482,79.482,89627,89468,90154,----,16785541742927,آساس,در سهام,صندوق سرمایه گذاری آساس,asasfund.ir
قابل معامله,1405/05/05,----,----,----,----,54.968,21958,21398,21549,----,2892758518308,هیبرید,مختلط,صندوق سرمایه گذاری آسمان خاورمیانه,akmfund.ir
قابل معامله,1405/05/05,----,----,----,----,37.709,87569,86901,86964,----,364619042759513,فیروزا,در اوراق بهادار با درآمد ثابت,صندوق سرمایه گذاری ارمغان فیروزه آسیا,firouzehfixetf.com
قابل معامله,1405/05/05,4,----,0.970836,2.457,74.457,477736,473335,477740,----,22773078393972,افق ملت,در سهام,صندوق سرمایه گذاری افق ملت (قابل معامله),ofoghmellat.ir
قابل معامله,1405/05/05,----,----,----,----,21.252,12849,12849,12855,----,5943763613653,کلید,املاک و مستغلات,صندوق سرمایه گذاری املاک و مستغلات خانه آگاه,amlakagahfund.ir
قابل معامله,1405/05/05,----,----,----,----,0,10887,10887,10887,----,7620974837241,کاخ,املاک و مستغلات,صندوق سرمایه گذاری املاک و مستغلات کاخ,kakh.charismafunds.ir
قابل معامله,1405/05/05,----,----,----,----,36.396,14533,14533,14539,----,5086517056703,کاشانه,املاک و مستغلات,صندوق سرمایه گذاری املاک و مستغلات کاشانه امید خلیج فارس,kashane.pgibc.ir
قابل معامله,1405/05/05,----,----,----,----,19.296,12170,12170,12170,----,6084994264717,مالک آتیه,املاک و مستغلات,صندوق سرمایه‌ گذاری املاک و مستغلات مالک آتیه مسکن ,maskanamfund.ir
قابل معامله,1405/04/31,----,----,----,----,7.695,12092,12092,12094,----,1995127045533,ارزش مسکن,املاک و مستغلات,صندوق سرمایه گذاری املاک و مستغلات مدیریت ارزش مسکن,reit1.cvpf.ir
قابل معامله,1405/05/05,----,----,----,----,34.839,17414,17459,17465,----,6203574928294,اطمینان,در اوراق بهادار با درآمد ثابت,صندوق سرمایه گذاری با درآمدثابت اطمینان هیوا ,etminan.hiwapm.ir
قابل معامله,1405/05/05,----,----,----,----,39.634,26669,26832,27058,----,2683458948873,پتروما,در سهام-بخشی,صندوق سرمایه گذاری بخشی افق دماوند,ofoghdamavandfund.ir
قابل معامله,1405/05/05,----,----,----,----,0,15060,15060,15193,----,4467681603128,آلکان,در سهام-بخشی,صندوق سرمایه گذاری بخشی راهبر صنایع مهرگان,sector.mehreganfunds.ir
قابل معامله,1405/05/05,----,----,----,----,0,9644,9527,9608,----,5788781029721,پتروسورین,در سهام-بخشی,صندوق سرمایه گذاری بخشی صنایع ثروت آفرین,etfservat.ir
قابل معامله,1405/05/05,----,----,----,----,0,9644,9527,9608,----,5788781029721,پتروسورین,در سهام-بخشی,صندوق سرمایه گذاری بخشی صنایع ثروت آفرین (پتروسورین),etfservat.ir
قابل معامله,1405/05/05,----,----,----,----,67.413,31919,31919,32243,----,3460011745911,سیمانیا,در سهام-بخشی,صندوق سرمایه گذاری بخشی صنایع داریا,dariafund.ir
قابل معامله,1405/05/05,----,----,----,----,0,16308,16308,16467,----,4738917830215,نبات,در سهام-بخشی,صندوق سرمایه گذاری بخشی صنایع دانایان,sector.danayan.ir
قابل معامله,1405/05/05,----,----,----,----,102.257,26996,25545,25785,----,5767562926698,فلزفارابی,در سهام-بخشی,صندوق سرمایه گذاری بخشی صنایع فارابی,felez.irfarabi.ir
قابل معامله,1405/05/05,----,----,----,----,0,13147,13147,13278,----,2867086854608,ولتاژ,در سهام-بخشی,صندوق سرمایه گذاری بخشی صنایع گندم,sectoretf.ir
قابل معامله,1405/05/05,----,----,----,----,19.053,11066,11066,11186,----,4771463277284,تخت گاز,در سهام-بخشی,صندوق سرمایه گذاری بخشی صنایع معیار,meyarsectorfund.ir
قابل معامله,1405/05/05,----,----,----,----,173.212,27925,27925,28222,----,10501218576027,فرا الگوریتم,در سهام-بخشی,صندوق سرمایه گذاری بخشی فرا الگوریتم ,fara-fund.ir
قابل معامله,1405/05/05,----,----,----,----,104.225,27115,27023,27290,----,16530043769688,متال,در سهام-بخشی,صندوق سرمایه گذاری بخشی فلزات دایا,daya.charismafunds.ir
قابل معامله,1405/05/05,----,----,----,----,90.199,26885,25422,25680,----,16540872703890,آذرین,در سهام-بخشی,صندوق سرمایه گذاری بخشی فلزات کیمیا,kimiasectorfund.ir
قابل معامله,1405/05/05,----,----,----,----,-2.905,22692,22462,22697,----,11408946662115,سمان,در سهام-بخشی,صندوق سرمایه گذاری بخشی قلک,pssfund.ir
قابل معامله,1405/05/05,----,----,0.801213,23.196,82.196,21894,21490,21696,----,5297176973648,هامون,در سهام,صندوق سرمایه گذاری ثروت هامون,hamounetf.ir
قابل معامله,1405/05/05,----,----,0.796697,6.96,65.96,28214,27478,27727,----,461285370208,جاودان,در سهام,صندوق سرمایه گذاری جاویدان سهام مانی,javidanfund.ir
قابل معامله,1405/05/05,----,----,0.687822,42.173,95.173,22402,22402,22630,----,14153315880858,جوانه کوچک,در سهام,صندوق سرمایه گذاری جوانه کوچک گندم,javanehfund.ir
قابل معامله,1405/05/05,----,----,----,----,135.942,22792,22792,22888,----,69574186536124,امرالد,در اوراق بهادار مبتنی بر سپرده کالایی,صندوق سرمایه گذاری چند کالایی کیمیا,kimiagoldfund.ir
قابل معامله,1405/05/05,----,----,----,----,0,10395,10395,10445,----,51974721970203,سیمین,در اوراق بهادار مبتنی بر سپرده کالایی,صندوق سرمایه گذاری چند کالایی هامرز,silver.hummersam.ir
قابل معامله,1405/05/04,----,----,----,----,3.812,1342006,1342006,1342006,----,1342005932134,ثروت,خصوصی,صندوق سرمایه گذاری خصوصی (جسورانه) ثروت آفرین فیروزه,firouzehpe.ir
قابل معامله,1405/05/03,----,----,----,----,9.146,1397458,1397458,1399382,----,13974581548355,کمان,خصوصی,صندوق سرمایه گذاری خصوصی کمان کاریزما,kaman.charismafunds.ir
قابل معامله,1405/05/05,----,----,----,----,0,17088,17088,17169,----,18181762693782,رزگلد,در اوراق بهادار مبتنی بر سپرده کالایی,صندوق سرمایه گذاری در اوراق بهادار مبتنی بر کالای آرمان آتی,rosegoldfund.ir
قابل معامله,1405/05/05,----,----,----,----,161.283,37110,37110,37283,----,121416565627489,زروان,در اوراق بهادار مبتنی بر سپرده کالایی,صندوق سرمایه گذاری در در اوراق بهادار کالایی ویستا,goldvista.ir
قابل معامله,1405/05/05,3,----,0.798922,36,95,38711,38261,38632,----,11634348089322,سلام,در سهام,صندوق سرمایه گذاری سلام فارابی,salam.irfarabi.ir
قابل معامله,1405/05/05,----,----,0.694329,15.404,71.404,22988,22783,23000,----,4277569661833,آبنوس,در سهام,صندوق سرمایه گذاری سهام نگر کیمیا,kimiasahm.ir
قابل معامله,1405/05/05,----,----,----,----,210.259,26882,26699,26964,----,106587844236616,بیدار,در سهام-سهامی اهرمی,صندوق سرمایه گذاری سهامی اهرمی بیدار,ahrom.ebidar.ir
قابل معامله,1405/05/05,----,----,----,----,121.66,19388,19211,19400,----,18306669673939,پیشران,در سهام-سهامی اهرمی,صندوق سرمایه گذاری سهامی اهرمی پیشران پارسیان,ahrom.fund
قابل معامله,1405/05/05,----,----,----,----,206.066,29262,29028,29313,----,94404010396170,جهش,در سهام-سهامی اهرمی,صندوق سرمایه گذاری سهامی اهرمی جهش فارابی,jahesh.irfarabi.ir
قابل معامله,1405/05/05,----,----,----,----,179.261,36203,35590,35946,----,215470803766696,موج,در سهام-سهامی اهرمی,صندوق سرمایه گذاری سهامی اهرمی موج فیروزه,mojfund.ir
قابل معامله,1405/05/05,----,----,0.751093,-4.782,52.218,20761,20761,20933,----,503417046161,سپینود,در سهام,صندوق سرمایه گذاری سهامی به آفرید سپینود,behafarid.sepinudcapital.ir
قابل معامله,1405/05/05,----,----,----,----,152.723,32998,32998,33156,----,100329922673630,آتش,در اوراق بهادار مبتنی بر سپرده کالایی,صندوق سرمایه گذاری طلای فیروزه (آتش),atash.fundz.ir
قابل معامله,1405/05/05,----,----,0.702207,37.164,94.164,20697,20661,20855,----,2581494778865,عرش,در سهام,صندوق سرمایه گذاری عرش میلاد شهر,arshfund.ir
قابل معامله,1405/05/05,----,----,0.791712,24.592,86.592,24278,23979,24199,----,5231069809838,هومان,در سهام,صندوق سرمایه گذاری قابل معامله پناه ثروت هومان,maskanpanahfund.ir
قابل معامله,1405/05/05,----,----,0.808864,39.998,102.998,22038,22074,22283,----,1997827707360,آمیتیس,در سهام,صندوق سرمایه گذاری قابل معامله درخشان آمیتیس,fund2-amitispm.ir
قابل معامله,1405/05/05,----,----,0.798575,14.532,73.532,21426,21426,21595,----,438647550088,فرصت,در سهام,صندوق سرمایه گذاری قابل معامله فرصت آفرین سرمایه,forsatafarinfund.ir
قابل معامله,1405/05/05,----,----,0.705755,17.967,74.967,15859,15859,15997,----,1872522318192,همتا,در سهام,صندوق سرمایه گذاری قلک همتا,psmfund.ir
قابل معامله,1405/05/05,----,----,----,----,48.971,34463,34463,34821,----,8631055092488,سمان,در سهام-بخشی,صندوق سرمایه گذاری قلک1-بخشی (سمان),pssfund.ir
قابل معامله,1405/05/05,----,----,----,----,0,11242,10789,10905,----,2777891569627,نیروانا,در سهام-بخشی,صندوق سرمایه گذاری قلک2-بخشی (نیروانا),pssfund.ir
قابل معامله,1405/05/05,----,----,----,----,153.574,32777,32777,32932,----,29155257848833,قیراط,در اوراق بهادار مبتنی بر سپرده کالایی,صندوق سرمایه گذاری کالایی درفش دماوند,derafshdamavand.ir
قابل معامله,1405/05/05,----,----,----,----,155.52,33767,33767,33931,----,44871815699244,لیان,در اوراق بهادار مبتنی بر سپرده کالایی,صندوق سرمایه گذاری کالایی دیبای معیار,liangoldfund.ir
قابل معامله,1405/05/05,----,----,0.885581,15.164397,0,16702,16702,16865,----,3188195892668,کوانتوم,در سهام,صندوق سرمایه گذاری کوانتوم بهاوند,quantomfund.ir
قابل معامله,1405/05/05,----,----,----,----,37.166,41149,40700,40742,----,50012457516855,گنجین,در اوراق بهادار با درآمد ثابت,صندوق سرمایه گذاری گنجینه یکم آوید,ganjinehavid.ir
قابل معامله,1405/05/05,3,----,----,----,37.432,29587,29383,29410,----,314398187396898,لبخند,در اوراق بهادار با درآمد ثابت,صندوق سرمایه گذاری لبخند فارابی,labkhand.irfarabi.ir
قابل معامله,1405/05/05,----,----,----,----,35.016,16318,16318,16335,----,3262621732268,سپنتارود,در اوراق بهادار با درآمد ثابت,صندوق سرمایه گذاری ماه آفرید,mahafarid.sepinudcapital.ir
قابل معامله,1405/05/05,----,----,----,----,23.387,25831,25831,25952,----,114124164712258,سینرژی,در اوراق بهادار مبتنی بر سپرده کالایی,صندوق سرمایه گذاری مبتنی بر کالای فارابی,energy.irfarabi.ir
قابل معامله,1405/05/05,3,----,----,----,33.785,16823,17269,17281,----,17268535721517,خزانه ملت,در اوراق بهادار با درآمد ثابت,صندوق سرمایه گذاری مختص اوراق دولتی ملت,mellatfund.ir
قابل معامله,1405/05/05,2,----,----,----,35.942,29950,30107,30133,----,35405409590635,نشان,در اوراق بهادار با درآمد ثابت,صندوق سرمایه گذاری مختص اوراق دولتی نشان هامرز,neshan.hummers.ir
قابل معامله,1405/05/05,----,ندارد,0.687412,15.155,71.155,23134,22755,22973,----,2930195288064,یلدا,در سهام,صندوق سرمایه گذاری مشترک یلدا,sobhanfund.ir
قابل معامله,1405/05/05,----,----,----,----,0,10580,10580,10631,----,63478624091271,نقرابی,در اوراق بهادار مبتنی بر سپرده کالایی,صندوق سرمایه گذاری نقره فیروزه1 (نقرابی),atash.fundz.ir
قابل معامله,1405/05/05,----,----,----,----,54.471,19000,18572,18753,----,3348186992416,پتروآبان,در سهام-بخشی,صندوق سرمایه گذای بخشی پترو آبان,apfund.ir
قابل معامله,1405/05/04,----,----,----,----,44.737,14113,14113,14113,----,58260232719200,امین شهر,املاک و مستغلات,صندوق سرمایه‌گذاری املاک و مستغلات امین شهر یکم,reitshahr.ir
قابل معامله,1405/05/05,----,----,----,----,38.768,18119,18119,18207,----,163808546764901,آتش,در اوراق بهادار مبتنی بر سپرده کالایی,صندوق سرمایه‌گذاری در اوراق بهادار چند کالایی کهکشان فیروزه,atash.fundz.ir
قابل معامله,1405/05/05,----,----,----,----,158.619,33248,33248,33405,----,128357762262901,درخشان,در اوراق بهادار مبتنی بر سپرده کالایی,صندوق سرمایه‌گذاری در اوراق بهادار مبتنی بر گواهی سپرده طلا درخشان آبان,abanmulti.ir
قابل معامله,1405/05/05,4,----,----,----,37.565,18931,19072,19086,----,74204042801856,آرامش,در اوراق بهادار با درآمد ثابت,صندوق سرمایه‌گذاری قابل معامله در اوراق بهادار با درآمدثابت آرامش ,arameshfund.ir
قابل معامله,1405/05/05,----,----,----,----,0,14142,14142,14209,----,15007704987604,نگین,در اوراق بهادار مبتنی بر سپرده کالایی,صندوق طلا زردیس خلیج فارس,gold.pgibc.ir
قابل معامله,1405/04/26,----,----,----,----,34.36,50311,50311,50314,----,980906576551,آسامید,در اوراق بهادار با درآمد ثابت,صندوق قابل معامله آسمان امید,asamidfund.ir
قابل معامله,1405/05/05,4,----,----,----,37.081,20620,20702,20726,----,60064808059333,دامون,در اوراق بهادار با درآمد ثابت,صندوق قابل معامله آسمان دامون,admfund.ir
قابل معامله,1405/05/05,4,----,----,----,32.663,11255,11292,11298,----,45166737551906,آفاق,در اوراق بهادار با درآمد ثابت,صندوق قابل معامله افق آتی,ofoghati.ir
قابل معامله,1405/05/05,4.5,----,----,----,39.311,23537,23538,23557,----,234935111933721,اونیکس,در اوراق بهادار با درآمد ثابت,صندوق قابل معامله با درآمد ثابت کیمیا,kimiafund.ir
قابل معامله,1405/05/05,----,----,----,----,35.598,19840,19701,19882,----,8947515963662,کارما,در اوراق بهادار با درآمد ثابت,صندوق قابل معامله با درآمد ثابت کیهان,keyhanfund.ir
قابل معامله,1405/05/05,----,----,----,----,38.132,22086,22086,22097,----,165641829137019,ماهور,در اوراق بهادار با درآمد ثابت,صندوق قابل معامله با درآمد ثابت ماهور ,mahoormeyar.ir
قابل معامله,1405/05/05,----,----,0.555793,6.135,55.135,34006,33990,34328,----,6512760007965,دریا,در سهام,صندوق قابل معامله دریا,daryaetf.ir
قابل معامله,1405/05/05,4.5,----,----,----,37.331,20890,20862,20877,----,91292259094125,رشد,در اوراق بهادار با درآمد ثابت,صندوق قابل معامله رشد پایدار,rpfund.ir
قابل معامله,1405/05/05,3.5,----,----,----,37.996,40625,40415,40443,----,193990484665979,فردا,در اوراق بهادار با درآمد ثابت,صندوق قابل معامله زاگرس,afzfund.ir
قابل معامله,1405/05/05,4,----,----,----,38.748,20301,20328,20342,----,44462501752459,سام,در اوراق بهادار با درآمد ثابت,صندوق قابل معامله سام,samfund.ir
قابل معامله,1405/05/05,----,----,----,----,160.087,158471,158471,159235,----,320534481927411,گنج,در اوراق بهادار مبتنی بر سپرده کالایی,صندوق قابل معامله كيميا زرين كاردان,iran-kfunds5.ir
قابل معامله,1405/05/05,----,----,0.644564,46.923,97.923,73256,73267,73886,----,3145369008260,ثهام,در سهام,صندوق قابل معامله هامرز,servat.hummers.ir
قابل معامله,1405/05/05,----,----,0.751041,17.857,74.857,38844,38729,39115,----,18327577713450,مدیر,در سهام,صندوق مدیریت ثروت بازنشستگی کشوری,modirfund.ir
قابل معامله,1405/05/05,3.5,----,----,----,36.574,18585,18529,18542,----,378229399833608,کارین,در اوراق بهادار با درآمد ثابت,صندوق نگین سامان,iran-kfunds4.ir
قابل معامله,1405/05/05,----,----,----,----,39.634,26669,26832,27058,----,2683458948873,پتروما,در سهام-بخشی,صندوق.س.بخشی افق دماوند1-ب (پتروما),ofoghdamavandfund.ir
قابل معامله,1405/05/05,----,----,----,----,35.39,23225,23164,23178,ندارد,23740157457769,خورشید,در اوراق بهادار با درآمد ثابت,طلوع تدبیر پایا,paya.tadbirfunds.ir
قابل معامله,1405/05/05,3.5,----,----,----,38.07,73864,75460,75566,ندارد,29971802067653,طلوع,در اوراق بهادار با درآمد ثابت,طلوع نوین ثابت,novinnegarfund.com
قابل معامله,1405/04/27,----,----,----,----,157.215,515560,515560,517898,ندارد,2405086126811470,عیار,در اوراق بهادار مبتنی بر سپرده کالایی,عیار مفید,ayaretf.com
قابل معامله,1405/05/05,----,----,----,----,173.212,27925,27925,28222,----,10501218576027,فرا الگوریتم,در سهام-بخشی,فرا الگوریتم,fara-fund.ir
قابل معامله,1405/05/05,----,----,1.010864,-27.27,52.73,35957,35957,36356,ندارد,2860076497972,فراز,در سهام,فراز داریک,farazdarik.ir
قابل معامله,1405/05/05,4,----,----,----,99.186,26305,26177,26445,----,13421638778733,فیروزه,در سهام-شاخصی,فیروزه,iranetf.ir
قابل معامله,1405/05/05,----,----,----,----,78.88,18999,17883,18057,ندارد,32945472651451,فارما کیان,در سهام-بخشی,قابل معامله بخشی کیان,kianfunds9.ir
قابل معامله,1405/05/05,----,----,0.823688,16.23,84.23,42055,41679,42089,ندارد,440012515932,درسا,در سهام,قابل معامله سهامی درسا,dorsaetf.ir
قابل معامله,1405/05/05,----,----,----,----,72.4,32042,31992,32305,ندارد,19795987299477,هم وزن,در سهام-شاخصی,قابل معامله شاخصی کیان,kianfunds6.ir
قابل معامله,1405/05/05,----,----,----,----,145.96,25690,25690,25813,ندارد,89673740847461,زمرد,در اوراق بهادار مبتنی بر سپرده کالایی,کالای زمرد بیدار,zomorod.ebidar.ir
قابل معامله,1405/05/05,----,----,----,----,155.11,73782,73782,74139,ندارد,151320682152408,تابش,در اوراق بهادار مبتنی بر سپرده کالایی,کالایی تابان تمدن,tabantamadon.ir
قابل معامله,1405/04/27,----,----,----,----,0,10839,10839,10890,ندارد,10437802866342,قلک گلد,در اوراق بهادار مبتنی بر سپرده کالایی,کالایی قلک,ghcfund.ir
قابل معامله,1405/05/05,----,----,----,----,37.24,36727,36968,36992,ندارد,60163126338392,کامیاب,در اوراق بهادار با درآمد ثابت,کامیاب آشنا,kamyabfund.ir
قابل معامله,1405/05/05,4,----,----,----,33.84,29032,29119,29147,ندارد,19872604206540,صایند,در اوراق بهادار با درآمد ثابت,گنجینه آینده روشن,ayandehfund.com
قابل معامله,1405/05/05,----,----,----,----,33.98,20648,20640,20647,ندارد,14811600385285,گنجینه,در اوراق بهادار با درآمد ثابت,گنجینه داریوش,meyarfund.com
قابل معامله,1405/05/05,----,----,----,----,48.91,68424,68424,68740,ندارد,10824109892573,سحرخیز,در اوراق بهادار مبتنی بر سپرده کالایی,گنجینه کالای زمین,saharkhizfund.com
قابل معامله,1405/05/05,----,----,----,----,0,11412,11412,11468,ندارد,10581551335381,دفینه,در اوراق بهادار مبتنی بر سپرده کالایی,مبتنی بر کالای سینا,sinacommodity.ir
قابل معامله,1405/05/05,----,----,----,----,155.1,878504,878504,882721,ندارد,229305354199344,گوهر,در اوراق بهادار مبتنی بر سپرده کالایی,مبتنی بر کالای کیان,kianfunds3.ir
قابل معامله,1405/05/05,----,----,----,----,156.95,177201,177201,178024,ندارد,521770900531430,کهربا,در اوراق بهادار مبتنی بر سپرده کالایی,مبتنی برکالای کهربا,kahroba.charismafunds.ir
قابل معامله,1405/05/05,----,----,----,----,129.374,27475,26979,27254,----,3054125624145,متال,در سهام-بخشی,متال - صندوق س صنایع دایا1-بخشی,daya.charismafunds.ir
قابل معامله,1405/05/05,2.5,----,----,----,33.34,24822,24822,24852,ندارد,11510865198543,دیبا,در اوراق بهادار با درآمد ثابت,مختص اوراق دولتی بازده پایه بازار صبا,payeh.sabaamc.ir
قابل معامله,1405/05/05,----,----,----,----,31.61,11916,11839,11849,ندارد,5460190876281,همگام,در اوراق بهادار با درآمد ثابت,مختص اوراق دولتی همگام آشنا ایرانیان,hamgamfund.ir
قابل معامله,1405/05/05,----,----,----,----,46.19,47975,47845,48067,ندارد,17811162169119,مختلط,مختلط,مختلط کاریزما,charismabalancedfund.ir
قابل معامله,1405/05/05,----,----,0.526561,-61.72,-11.72,15121,15121,15274,ندارد,1326149973197,مروارید,در سهام,مروارید آتا,morvaridfund.ir
قابل معامله,1405/05/05,----,----,----,----,171.352,24750,24750,24987,----,8468156872344,مزه,در سهام-بخشی,مزه - صندوق س صنایع دایا3-بخشی,daya.charismafunds.ir
قابل معامله,1405/05/05,----,----,0.765486,33.22,98.22,25101,25101,25339,ندارد,12851967561534,تکپاد,در سهام,مشترک ارزش پرداز آریان,aaiccofund.ir
قابل معامله,1405/05/05,----,----,----,----,36.95,20380,20413,20427,ندارد,50781002909267,اصیل,در اوراق بهادار با درآمد ثابت,مشترک البرز,alborz-funds.com
قابل معامله,1405/05/05,----,----,0.661625,13.38,71.38,16339,16273,16446,ندارد,752300358515,دیار,در سهام,مشترک دیار,diarfund.ir
قابل معامله,1405/05/05,----,----,----,----,30,14654,14704,14721,1 ماهه,2302621079123,هدف,در اوراق بهادار با درآمد ثابت,مشترک صبای هدف,hadafmf.ir
قابل معامله,1405/05/05,----,----,0.65482,18.65,76.65,24477,24477,24697,ندارد,8200323618484,عقیق,در سهام,مشترک عقیق,aghighfund.com
قابل معامله,1405/04/27,----,----,0.732681,-25.2,30.8,15476,15475,15603,ندارد,330415403425,آس,در سهام,مشترک گنجینه ارمغان الماس,armaghanalmasfund.ir
قابل معامله,1405/05/05,3.5,----,0.682182,51.92,111.92,20670,20670,20889,ندارد,16226993500770,مانا,در سهام,مشترک مانا الگوریتم,mana.fund
قابل معامله,1405/05/05,----,----,0.716797,25.783,83.783,1027780,1021347,1030888,----,1437213422460,سها,در سهام,مشترک مبین سرمایه,fund.mobinsb.ir
قابل معامله,1405/05/05,----,----,0.555018,11.714384,0,13079,13073,13216,ندارد,1299851019092,ثروین,در سهام,موج گستر ثروت,servinfund.ir
قابل معامله,1405/05/05,----,----,----,----,0,14142,14142,14209,----,15007704987604,نگین,در اوراق بهادار مبتنی بر سپرده کالایی,نگین فارس,gold.pgibc.ir
قابل معامله,1405/05/05,----,----,----,----,32.06,16395,15791,15802,ندارد,613272851944,آسود,در اوراق بهادار با درآمد ثابت,نهال آرمان اقتصاد,nahalarmanfund.ir
قابل معامله,1405/05/05,4.5,----,----,----,35.9,25024,24373,24398,ندارد,24546401816169,صنهال,در اوراق بهادار با درآمد ثابت,نهال سرمایه ایرانیان,sarmayefund.ir
قابل معامله,1405/05/05,----,----,----,----,36.94,27627,27872,27889,ندارد,54121521369188,اعتبار,در اوراق بهادار با درآمد ثابت,نوع دوم اعتبار,etebaretf2.com
قابل معامله,1405/05/05,2,----,----,----,40.36,27795,27899,27913,ندارد,95920623011033,کاج,در اوراق بهادار با درآمد ثابت,نوع دوم پایدار نو ویرا,vira-fund.ir
قابل معامله,1405/05/05,----,----,----,----,34.17,27492,26325,26345,ندارد,526508912114,رایکا,در اوراق بهادار با درآمد ثابت,نوع دوم رایکا,raykaetf.com
قابل معامله,1405/05/05,4,----,----,----,38.11,35204,35241,35262,ندارد,546240248784138,کارا,در اوراق بهادار با درآمد ثابت,نوع دوم کارا,kara.charismafunds.ir
قابل معامله,1405/05/05,3.5,----,----,----,26.43,10261,10175,10185,1 ماهه,43507722689987,نیلی,در اوراق بهادار با درآمد ثابت,نیلی دماوند,nilidamavandfund.ir
قابل معامله,1405/05/05,4.5,----,0.72285,31.89,93.89,374790,373198,376676,ندارد,67976225906331,آگاس,در سهام,هستی بخش آگاه,hbagahfund.com
قابل معامله,1405/05/05,4,----,----,----,31.93,10216,10042,10058,1 ماهه,100427383252852,همای,در اوراق بهادار با درآمد ثابت,همای آگاه,homayeagah.ir
قابل معامله,1405/05/05,----,----,----,----,38.73,624251,624251,630454,ندارد,308445581115630,دارا یکم,در سهام-بخشی,واسطه گری مالی یکم,fi1fund.com
قابل معامله,1405/05/05,4.5,----,----,----,37.17,45116,44743,44781,ندارد,617184938917383,یاقوت,در اوراق بهادار با درآمد ثابت,یاقوت آگاه,yaghootfund.ir
