Ticker,Name,Market,Panel,Sector,Sub-Sector,Comment,Name(EN),Company Code(12),Ticker(4),Ticker(5),Ticker(12),Sector Code,Sub-Sector Code,Panel Code
آ س پ,آ.س.پ,فرابورس,بازار دوم فرابورس,انبوه سازی، املاک و مستغلات,پیمانکاری املاک و مستغلات,-,A.S.P CO,IRO3ASPZ0008,ASPZ,ASPZ1,IRO3ASPZ0001,70,7021,3
آردینه,نشاسته و گلوکز آردینه,فرابورس,بازار دوم فرابورس,محصولات غذایی و آشامیدنی به جز قند و شکر,تولید نشاسته و محصولات وابسته,-,Ardineh StarchGlu,IRO3ARDZ0003,ARDZ,ARDZ1,IRO3ARDZ0001,42,4232,3
آریا,پلیمر آریا ساسول,فرابورس,بازار دوم فرابورس,محصولات شیمیایی,تولید مواد شیمیایی پایه به جز کود,-,Arya Sasol Polymer,IRO3APOZ0002,APOZ,APOZ1,IRO3APOZ0001,44,4411,3
آریان,سرمایه گذاری پارس آریان,فرابورس,بازار دوم فرابورس,سرمایه گذاریها,سایر واسطه های مالی,-,Pars Arian Inv,IRO3PAIP0002,PAIP,PAIP1,IRO3PAIP0001,56,5699,3
اپرداز,آتیه داده پرداز,فرابورس,بازار دوم فرابورس,اطلاعات و ارتباطات,خدمات ارزش افزوده,-,Atieh Dade Pardaz,IRO3APDZ0005,APDZ,APDZ1,IRO3APDZ0001,73,7310,3
اتکاسا,بیمه اتکایی سامان,فرابورس,بازار دوم فرابورس,بیمه وصندوق بازنشستگی به جزتامین اجتماعی,بیمه غیرزندگی,-,Saman Reinsurance,IRO3SREP0004,SREP,SREP1,IRO3SREP0001,66,6603,3
اتکای,بیمه اتکایی ایرانیان,فرابورس,بازار دوم فرابورس,بیمه وصندوق بازنشستگی به جزتامین اجتماعی,بیمه غیرزندگی,-,S*Iranian Etekai,IRO3ETKZ0008,ETKZ,ETKZ1,IRO3ETKZ0001,66,6603,3
اخشان,اخشان خراسان,فرابورس,بازار دوم فرابورس,زراعت و خدمات وابسته,کشاورزی، دامپروری و خدمات وابسته,-,AKHSHAN,IRO3AKHZ0006,AKHZ,AKHZ1,IRO3AKHZ0001,01,121,3
ارفع,شرکت آهن و فولاد ارفع,فرابورس,بازار دوم فرابورس,فلزات اساسی,تولید آهن و فولاد پایه,-,S*Arfa Steel Co.,IRO3ARFZ0001,ARFZ,ARFZ1,IRO3ARFZ0001,27,2710,3
اعتلا,شرکت سرمایه گذاری اعتلاء البرز,فرابورس,بازار دوم فرابورس,سرمایه گذاریها,سایر واسطه های مالی,-,Alborz Invest.,IRO3ETLZ0007,ETLZ,ETLZ1,IRO3ETLZ0001,56,5699,3
افرا,افرانت,فرابورس,بازار اول فرابورس,رایانه و فعالیت های وابسته به آن,سایر فعالیت های رایانه ای,-,Afra Net Co.,IRO3AFRZ0001,AFRZ,AFRZ1,IRO3AFRZ0001,72,7200,1
الکتروماد,صنایع الکترونیک مادیران,فرابورس,بازار دوم فرابورس,ماشین آلات و تجهیزات,تولید وسایل خانگی,-,MaadiranElec.Ind.,IRO3MAAZ0001,MAAZ,MAAZ1,IRO3MAAZ0001,29,2930,3
انتخاب,صنعتی انتخاب الکترونیک آرمان,فرابورس,بازار اول فرابورس,ماشین آلات و تجهیزات,تولید وسایل خانگی,-,Entekhab Elect.,IRO3EELZ0004,EELZ,EELZ1,IRO3EELZ0001,29,2930,1
اوان,مبین وان کیش,فرابورس,بازار دوم فرابورس,اطلاعات و ارتباطات,خدمات ارزش افزوده,-,Mobin One Kish,IRO3MOBZ0004,MOBZ,MOBZ1,IRO3MOBZ0001,73,7310,3
بالاس,مهندسی ساختمان تاسیسات راه آهن,فرابورس,بازار دوم فرابورس,پیمانکاری صنعتی,ساختمان و مهندسی عمران,-,Const and Rail,IRO3BLSZ0001,BLSZ,BLSZ1,IRO3BLSZ0001,45,4520,3
بانیان,نیان باتری خاوران,فرابورس,بازار دوم فرابورس,ماشین آلات و دستگاه های برقی,تولید انباره، پیل و باتری ساده,-,Nian Battery,IRO3NIAN0006,NIAN,NIAN1,IRO3NIAN0001,31,3140,3
بپاس,بیمه پاسارگاد,فرابورس,بازار دوم فرابورس,بیمه وصندوق بازنشستگی به جزتامین اجتماعی,فعالیتهای مالی و اجرائی,-,S*Pasargad Insur.,IRO3BIPZ0009,BIPZ,BIPZ1,IRO3BIPZ0001,66,6611,3
بپیوند,برق و انرژی پیوندگستر پارس,فرابورس,بازار اول فرابورس,عرضه برق، گاز، بخاروآب گرم,تولید انتقال و توزیع نیروی برق,-,Peyvand Gostar,IRO3PGRZ0003,PGRZ,PGRZ1,IRO3PGRZ0001,40,4010,1
بتهران,بیمه اتکایی تهران رواک,فرابورس,بازار دوم فرابورس,بیمه وصندوق بازنشستگی به جزتامین اجتماعی,بیمه غیرزندگی,-,Tehran Reinsurance,IRO3THRP0000,THRP,THRP1,IRO3THRP0001,66,6603,3
بجهرم,توسعه مولد نیروگاهی جهرم,فرابورس,بازار دوم فرابورس,عرضه برق، گاز، بخاروآب گرم,تولید انتقال و توزیع نیروی برق,-,Jahrom Power Plant,IRO3JPPZ0002,JPPZ,JPPZ1,IRO3JPPZ0001,40,4010,3
بخاور,بیمه زندگی خاورمیانه,فرابورس,بازار دوم فرابورس,بیمه وصندوق بازنشستگی به جزتامین اجتماعی,بیمه زندگی,-,MiddleEast LifeINS,IRO3MLIZ0000,MLIZ,MLIZ1,IRO3MLIZ0001,66,6601,3
بزاگرس,نیروگاه زاگرس کوثر,فرابورس,بازار دوم فرابورس,عرضه برق، گاز، بخاروآب گرم,تولید انتقال و توزیع نیروی برق,-,Zagros Kosar Power,IRO3ZKPZ0007,ZKPZ,ZKPZ1,IRO3ZKPZ0001,40,4010,3
بساما,بیمه سامان,فرابورس,بازار دوم فرابورس,بیمه وصندوق بازنشستگی به جزتامین اجتماعی,فعالیتهای مالی و اجرائی,-,Bime Saman Co.,IRO3BSMZ0000,BSMZ,BSMZ1,IRO3BSMZ0001,66,6611,3
بکابل,سیم و کابل ابهر,فرابورس,بازار دوم فرابورس,ماشین آلات و دستگاه های برقی,تولید سیم و کابل عایق,-,Abhar Cable,IRO3ABCZ0002,ABCZ,ABCZ1,IRO3ABCZ0001,31,3130,3
بگیلان,توسعه مسیر برق گیلان,فرابورس,بازار دوم فرابورس,عرضه برق، گاز، بخاروآب گرم,تولید انتقال و توزیع نیروی برق,-,Gilan Elec. Dev.,IRO3GEDZ0002,GEDZ,GEDZ1,IRO3GEDZ0001,40,4010,3
بمپنا,تولید برق عسلویه مپنا,فرابورس,بازار دوم فرابورس,عرضه برق، گاز، بخاروآب گرم,تولید انتقال و توزیع نیروی برق,-,Bargh Mapna Co.,IRO3BMAZ0000,BMAZ,BMAZ1,IRO3BMAZ0001,40,4010,3
بمولد,مولد نیروگاهی تجارت فارس,فرابورس,بازار دوم فرابورس,عرضه برق، گاز، بخاروآب گرم,تولید انتقال و توزیع نیروی برق,-,Fars Tejarat Plant,IRO3FTJZ0000,FTJZ,FTJZ1,IRO3FTJZ0001,40,4010,3
بنو,بیمه تجارت نو,فرابورس,بازار دوم فرابورس,بیمه وصندوق بازنشستگی به جزتامین اجتماعی,فعالیتهای مالی و اجرائی,-,Tejarat-No Ins.,IRO3TNIZ0001,TNIZ,TNIZ1,IRO3TNIZ0001,66,6611,3
بهپاک,صنعتی بهپاک,فرابورس,بازار دوم فرابورس,محصولات غذایی و آشامیدنی به جز قند و شکر,تولید روغن های حیوانی و نباتی,-,Behpak Co.,IRO3BHPZ0000,BHPZ,BHPZ1,IRO3BHPZ0001,42,4214,3
بیوتیک,آنتی بیوتیک سازی ایران,فرابورس,بازار دوم فرابورس,مواد و محصولات دارویی,تولید داروهای شیمیایی و گیاهی,-,IranAntibiotic MFG,IRO3IAMZ0003,IAMZ,IAMZ1,IRO3IAMZ0001,43,4323,3
پارتا,مجتمع صنعتی آرتاویل تایر,فرابورس,بازار دوم فرابورس,لاستیک و پلاستیک,تولید تایر و بازسازی تایرهای لاستیکی,-,Artavil Tire,IRO3ARTZ0005,ARTZ,ARTZ1,IRO3ARTZ0001,25,2511,3
پاریز,پاریز شرق,فرابورس,-,انبوه سازی، املاک و مستغلات,املاک و مستغلات با ملک خود یا لیزینگ شده,-,Pariz Shargh,IRO3PRIZ0001,PRIZ,PRIZ1,IRO3PRIZ0001,70,7010,3
پتوسعه,سرمایه گذاری صنایع لاستیک,فرابورس,بازار دوم فرابورس,لاستیک و پلاستیک,تولید سایر محصولات لاستیکی,-,Rubber Industry,IRO3SBAZ0004,SBAZ,SBAZ1,IRO3SBAZ0001,25,2519,3
پخش,پخش البرز,فرابورس,بازار دوم فرابورس,مواد و محصولات دارویی,تولید سایر محصولات دارویی,-,Pakhsh Alborz,IRO3PKSH0008,PKSH,PKSH1,IRO3PKSH0001,43,4399,3
پلاست,کارخانجات تولیدی پلاستیران,فرابورس,بازار دوم فرابورس,لاستیک و پلاستیک,تولید محصولات پلاستیکی,-,Plastiran,IRO3PLSP0007,PLSP,PLSP1,IRO3PLSP0001,25,2520,3
پیزد,مجتمع صنایع لاستیک یزد,فرابورس,بازار دوم فرابورس,لاستیک و پلاستیک,تولید تایر و بازسازی تایرهای لاستیکی,-,Yazd Tire,IRO3YZTZ0007,YZTZ,YZTZ1,IRO3YZTZ0001,25,2511,3
تاپکیش,تجارت الکترونیک پارسیان کیش,فرابورس,بازار دوم فرابورس,رایانه و فعالیت های وابسته به آن,سایر فعالیت های رایانه ای,-,Kish Parsian E-COM,IRO3KPEZ0002,KPEZ,KPEZ1,IRO3KPEZ0001,72,7200,3
تبرک,گروه کارخانجات صنعتی تبرک,فرابورس,بازار دوم فرابورس,محصولات غذایی و آشامیدنی به جز قند و شکر,تولید سایر محصولات غذایی,-,Tabarok Ind. Group,IRO3TIGZ0000,TIGZ,TIGZ1,IRO3TIGZ0001,42,4249,3
تپسی,پیشگامان فن آوری و دانش آرامیس,فرابورس,بازار دوم فرابورس,رایانه و فعالیت های وابسته به آن,مشاوره و تهیه نرم افزار,-,Tapsi,IRO3TASZ0004,TASZ,TASZ1,IRO3TASZ0001,72,7220,3
تجلی,تجلی توسعه معادن و فلزات,فرابورس,بازار دوم فرابورس,استخراج کانه های فلزی,استخراج سایر کانه های فلزی,-,TajaliMines&Metals,IRO3TMMZ0006,TMMZ,TMMZ1,IRO3TMMZ0001,13,1399,3
تفارس,تامین سرمایه خلیج فارس,فرابورس,بازار دوم فرابورس,فعالیتهای کمکی به نهادهای مالی واسط,بجز تامین وجوه بیمه و بازنشستگی,-,Persian Golf Inv.,IRO3PGOP0008,PGOP,PGOP1,IRO3PGOP0001,67,6719,3
تکیمیا,تامین سرمایه کیمیا,فرابورس,بازار دوم فرابورس,فعالیتهای کمکی به نهادهای مالی واسط,بجز تامین وجوه بیمه و بازنشستگی,-,Kimiya Investment,IRO3KYIZ0007,KYIZ,KYIZ1,IRO3KYIZ0001,67,6719,3
تلیسه,دامداری تلیسه نمونه,فرابورس,بازار اول فرابورس,زراعت و خدمات وابسته,کشاورزی و خدمات دامپروری جز دامپزشکی,-,Talise Company,IRO3TLIZ0003,TLIZ,TLIZ1,IRO3TLIZ0001,01,140,1
تماوند,تامین سرمایه دماوند,فرابورس,بازار دوم فرابورس,فعالیتهای کمکی به نهادهای مالی واسط,بجز تامین وجوه بیمه و بازنشستگی,-,Damavand Inv. Bank,IRO3DIBZ0003,DIBZ,DIBZ1,IRO3DIBZ0001,67,6719,3
توریل,توکاریل,فرابورس,بازار دوم فرابورس,حمل ونقل، انبارداری و ارتباطات,حمل و نقل از طریق خطوط راه آهن,-,Toucaril Co.,IRO3TORZ0009,TORZ,TORZ1,IRO3TORZ0001,60,6010,3
توسن,توسعه سامانه ی نرم افزاری نگین,فرابورس,بازار اول فرابورس,رایانه و فعالیت های وابسته به آن,مشاوره و تهیه نرم افزار,-,TOSAN,IRO3TOSZ0008,TOSZ,TOSZ1,IRO3TOSZ0001,72,7220,1
ثالوند,سرمایه گذاری مسکن الوند,فرابورس,بازار اول فرابورس,انبوه سازی، املاک و مستغلات,املاک و مستغلات با ملک خود یا لیزینگ شده,-,Alvand Housing Inv,IRO3SLVZ0007,SLVZ,SLVZ1,IRO3SLVZ0001,70,7010,1
ثباغ,شهرسازی و خانه سازی باغمیشه,فرابورس,بازار اول فرابورس,انبوه سازی، املاک و مستغلات,املاک و مستغلات با ملک خود یا لیزینگ شده,-,Baghmishe,IRO3BGHZ0001,BGHZ,BGHZ1,IRO3BGHZ0001,70,7010,1
ثپردیس,سرمایه گذاری مسکن پردیس,فرابورس,بازار اول فرابورس,انبوه سازی، املاک و مستغلات,املاک و مستغلات با ملک خود یا لیزینگ شده,-,Maskan Pardis,IRO3MPRZ0005,MPRZ,MPRZ1,IRO3MPRZ0001,70,7010,1
ثتران,سرمایه گذاری مسکن تهران,فرابورس,بازار دوم فرابورس,انبوه سازی، املاک و مستغلات,املاک و مستغلات با ملک خود یا لیزینگ شده,-,Maskan Invest.,IRO3PMTZ0003,PMTZ,PMTZ1,IRO3PMTZ0001,70,7010,3
ثجنوب,سرمایه گذاری مسکن جنوب,فرابورس,بازار دوم فرابورس,انبوه سازی، املاک و مستغلات,املاک و مستغلات با ملک خود یا لیزینگ شده,-,Maskan Jonoob,IRO3MSJZ0002,MSJZ,MSJZ1,IRO3MSJZ0001,70,7010,3
ثرود,سرمایه گذاری مسکن زاینده رود,فرابورس,بازار اول فرابورس,انبوه سازی، املاک و مستغلات,املاک و مستغلات با ملک خود یا لیزینگ شده,-,Zayandeh Maskan,IRO3ZNDZ0008,ZNDZ,ZNDZ1,IRO3ZNDZ0001,70,7010,1
ثعمرا,شرکت عمران و توسعه شاهد,فرابورس,بازار دوم فرابورس,انبوه سازی، املاک و مستغلات,املاک و مستغلات با ملک خود یا لیزینگ شده,-,Shahed Development,IRO3OSHZ0002,OSHZ,OSHZ1,IRO3OSHZ0001,70,7010,3
ثغرب,شرکت سرمایه گذاری مسکن شمالغرب,فرابورس,بازار اول فرابورس,انبوه سازی، املاک و مستغلات,املاک و مستغلات با ملک خود یا لیزینگ شده,-,Shomal Gharb Co,IRO3CGRZ0008,CGRZ,CGRZ1,IRO3CGRZ0001,70,7010,1
چخزر,صنایع چوب خزر کاسپین,فرابورس,بازار اول فرابورس,محصولات چوبی,تولید تخته چند لا و سایر تخته ها,-,Caspian Wood,IRO3CAWZ0007,CAWZ,CAWZ1,IRO3CAWZ0001,20,2021,1
حآسا,آسیا سیر ارس,فرابورس,بازار اول فرابورس,حمل ونقل، انبارداری و ارتباطات,حمل و نقل از طریق خطوط راه آهن,-,Asia Seir Aras,IRO3ASAZ0005,ASAZ,ASAZ1,IRO3ASAZ0001,60,6010,1
حآفرین,ریل پرداز نو آفرین,فرابورس,بازار دوم فرابورس,حمل ونقل، انبارداری و ارتباطات,حمل و نقل از طریق خطوط راه آهن,-,Rail Pardaz,IRO3RPAZ0009,RPAZ,RPAZ1,IRO3RPAZ0001,60,6010,3
حپارسا,توسعه حمل و نقل ریلی پارسیان,فرابورس,بازار اول فرابورس,حمل ونقل، انبارداری و ارتباطات,حمل و نقل از طریق خطوط راه آهن,-,Parsian Oil&Gas,IRO3HPRZ0002,HPRZ,HPRZ1,IRO3HPRZ0001,60,6010,1
حپرتو,پرتو بار فرابر خلیج فارس,فرابورس,بازار دوم فرابورس,حمل ونقل، انبارداری و ارتباطات,حمل و نقل از طریق خطوط راه آهن,-,FarabarPersianGulf,IRO3PBFZ0002,PBFZ,PBFZ1,IRO3PBFZ0001,60,6010,3
حخزر,کشتیرانی دریای خزر,فرابورس,بازار دوم فرابورس,حمل و نقل آبی,حمل و نقل دریایی وحمل ونقل درآبهای ساحلی,-,Khazar Shipping,IRO3KHZZ0007,KHZZ,KHZZ1,IRO3KHZZ0001,61,6110,3
حریل,ریل پردازسیر,فرابورس,بازار دوم فرابورس,حمل ونقل، انبارداری و ارتباطات,حمل و نقل از طریق خطوط راه آهن,-,Reyl Pardazseir,IRO3HRLZ0006,HRLZ,HRLZ1,IRO3HRLZ0001,60,6010,3
حسیر,ریل سیر کوثر,فرابورس,بازار دوم فرابورس,حمل ونقل، انبارداری و ارتباطات,حمل و نقل از طریق خطوط راه آهن,-,Rail Sair Kosar,IRO3RSKZ0004,RSKZ,RSKZ1,IRO3RSKZ0001,60,6010,3
حسینا,توسعه خدمات دریایی وبندری سینا,فرابورس,بازار اول فرابورس,حمل ونقل، انبارداری و ارتباطات,خدمات حمل و نقل دریایی,-,Sina Marine srv,IRO3SMBZ0000,SMBZ,SMBZ1,IRO3SMBZ0001,60,6003,1
حگهر,حمل و نقل گهرترابر سیرجان,فرابورس,بازار دوم فرابورس,حمل ونقل، انبارداری و ارتباطات,حمل و نقل از طریق خطوط راه آهن,-,Gohar Tarabar,IRO3GTTZ0007,GTTZ,GTTZ1,IRO3GTTZ0001,60,6010,3
خاور,ایران خودرو دیزل,فرابورس,بازار دوم فرابورس,خودرو و ساخت قطعات,تولید وسایل نقلیه موتوری,-,IranKhodro Diesel,IRO3IKDP0004,IKDP,IKDP1,IRO3IKDP0001,34,3410,3
خبرنا,تولیدی برنا باطری,فرابورس,بازار دوم فرابورس,خودرو و ساخت قطعات,قطعات یدکی و جانبی وسایل نقلیه موتوری,-,Borna Battery,IRO3BRNZ0000,BRNZ,BRNZ1,IRO3BRNZ0001,34,3430,3
خدیزل,بهمن دیزل,فرابورس,بازار دوم فرابورس,خودرو و ساخت قطعات,تولید وسایل نقلیه موتوری,-,S*Bahman Dizel Co,IRO3DZLZ0000,DZLZ,DZLZ1,IRO3DZLZ0001,34,3410,3
خکرمان,سرمایه گذاری آرمان گستر پاریز,فرابورس,بازار دوم فرابورس,خودرو و ساخت قطعات,تولید وسایل نقلیه موتوری,-,Arman Gostar Pariz,IRO3KKHP0006,KKHP,KKHP1,IRO3KKHP0001,34,3410,3
خنور,نورایستا پلاستیک,فرابورس,بازار دوم فرابورس,خودرو و ساخت قطعات,قطعات یدکی و جانبی وسایل نقلیه موتوری,-,NIPCO,IRO3NIPZ0005,NIPZ,NIPZ1,IRO3NIPZ0001,34,3430,3
خیمن,ایمن خودرو شرق,فرابورس,بازار دوم فرابورس,خودرو و ساخت قطعات,قطعات یدکی و جانبی وسایل نقلیه موتوری,-,Imen Khodro Shargh,IRO3IKSZ0005,IKSZ,IKSZ1,IRO3IKSZ0001,34,3430,3
داوه,داروسازی آوه سینا,فرابورس,بازار اول فرابورس,مواد و محصولات دارویی,تولید داروهای شیمیایی و گیاهی,-,Avicenna Labs.,IRO3AVLZ0007,AVLZ,AVLZ1,IRO3AVLZ0001,43,4323,1
دبالک,مواد اولیه دارویی البرز بالک,فرابورس,بازار اول فرابورس,مواد و محصولات دارویی,تولید داروهای شیمیایی و گیاهی,-,Alborz Bulk Co.,IRO3BLKZ0009,BLKZ,BLKZ1,IRO3BLKZ0001,43,4323,1
دتوزیع,توزیع دارو پخش,فرابورس,بازار دوم فرابورس,مواد و محصولات دارویی,تولید سایر محصولات دارویی,-,Daroupakhsh Distr.,IRO3DPDZ0002,DPDZ,DPDZ1,IRO3DPDZ0001,43,4399,3
دتولید,داروسازی تولید دارو,فرابورس,بازار اول فرابورس,مواد و محصولات دارویی,تولید داروهای شیمیایی و گیاهی,-,Tolid Daroo,IRO3DTDZ0008,DTDZ,DTDZ1,IRO3DTDZ0001,43,4323,1
ددانا,داروسازی دانا,فرابورس,بازار اول فرابورس,مواد و محصولات دارویی,تولید داروهای شیمیایی و گیاهی,-,Daana Pharma Co,IRO3DPHZ0008,DPHZ,DPHZ1,IRO3DPHZ0001,43,4323,1
درازی,پخش رازی,فرابورس,بازار دوم فرابورس,مواد و محصولات دارویی,تولید سایر محصولات دارویی,-,Pakhsh Razi,IRO3PSRZ0009,PSRZ,PSRZ1,IRO3PSRZ0001,43,4399,3
درپاد,گروه صنعتی درپاد تبریز,فرابورس,بازار دوم فرابورس,فلزات اساسی,تولید آهن و فولاد پایه,-,Dorpad Tabriz Ind,IRO3SDPT0003,SDPT,SDPT1,IRO3SDPT0001,27,2710,3
درهآور,دارویی ره آورد تامین,فرابورس,بازار اول فرابورس,مواد و محصولات دارویی,تولید سایر محصولات دارویی,-,Rahavard PHARMA,IRO3RAPZ0009,RAPZ,RAPZ1,IRO3RAPZ0001,43,4399,1
دزاگرس,دارویی زاگرس دارو پارسیان,فرابورس,بازار دوم فرابورس,مواد و محصولات دارویی,تولید داروهای شیمیایی و گیاهی,-,Zagros Darou,IRO3ZGDZ0007,ZGDZ,ZGDZ1,IRO3ZGDZ0001,43,4323,3
دسانکو,داروسازی سبحان انکولوژی,فرابورس,بازار دوم فرابورس,مواد و محصولات دارویی,تولید داروهای شیمیایی و گیاهی,-,Ankolojy Sobhan,IRO3DSNZ0007,DSNZ,DSNZ1,IRO3DSNZ0001,43,4323,3
دقاضی,داروسازی شهید قاضی,فرابورس,بازار دوم فرابورس,مواد و محصولات دارویی,تولید داروهای شیمیایی و گیاهی,-,Sh. Ghazi Pharmacy,IRO3GPHP0007,GPHP,GPHP1,IRO3GPHP0001,43,4323,3
دکپسول,تولید ژلاتین کپسول ایران,فرابورس,بازار اول فرابورس,مواد و محصولات دارویی,تولید سایر محصولات دارویی,-,Iran Gel.Capsule,IRO3IGCZ0009,IGCZ,IGCZ1,IRO3IGCZ0001,43,4399,1
دماوند,تولید نیروی برق دماوند,فرابورس,بازار دوم فرابورس,عرضه برق، گاز، بخاروآب گرم,تولید انتقال و توزیع نیروی برق,-,Damavand Co.,IRO3BDMZ0007,BDMZ,BDMZ1,IRO3BDMZ0001,40,4010,3
ذرت,زرین ذرت شاهرود,فرابورس,-,محصولات غذایی و آشامیدنی به جز قند و شکر,تولید نشاسته و محصولات وابسته,-,Zarin Zorat,IRO3ZRTZ0006,ZRTZ,ZRTZ1,IRO3ZRTZ0001,42,4232,3
رافزا,رایان هم افزا,فرابورس,بازار دوم فرابورس,رایانه و فعالیت های وابسته به آن,مشاوره و تهیه نرم افزار,-,Rayan Hamafza,IRO3RYHZ0001,RYHZ,RYHZ1,IRO3RYHZ0001,72,7220,3
رانیز,رینگ اسپرت نور نی ریز,فرابورس,بازار دوم فرابورس,خودرو و ساخت قطعات,قطعات یدکی و جانبی وسایل نقلیه موتوری,-,Noor Neyriz Wheel,IRO3NEYZ0008,NEYZ,NEYZ1,IRO3NEYZ0001,34,3430,3
رنیک,جنرال مکانیک,فرابورس,بازار دوم فرابورس,خدمات فنی و مهندسی,فعالیتهای ساختمانی و مشاوره فنی مرتبط,-,General Mechanic,IRO3GEMZ0001,GEMZ,GEMZ1,IRO3GEMZ0001,74,7421,3
ریشمک,تولید و صادرات ریشمک,فرابورس,بازار اول فرابورس,مواد و محصولات دارویی,تولید داروهای شیمیایی و گیاهی,-,Rishmac Prod.&EXP,IRO3RPEZ0005,RPEZ,RPEZ1,IRO3RPEZ0001,43,4323,1
زاگرس,پتروشیمی زاگرس,فرابورس,بازار دوم فرابورس,محصولات شیمیایی,تولید مواد شیمیایی پایه به جز کود,-,S*Zagros Petro.,IRO3PZGZ0003,PZGZ,PZGZ1,IRO3PZGZ0001,44,4411,3
زبینا,کشاورزی و دامپروری بینالود,فرابورس,بازار اول فرابورس,زراعت و خدمات وابسته,کشاورزی و خدمات دامپروری جز دامپزشکی,-,Binalood AGRI&Husb,IRO3BAHZ0007,BAHZ,BAHZ1,IRO3BAHZ0001,01,140,1
زدشت,کشت و صنعت دشت خرم دره,فرابورس,بازار اول فرابورس,زراعت و خدمات وابسته,کشاورزی، دامپروری و خدمات وابسته,-,Dashte Khoramdareh,IRO3DKHZ0003,DKHZ,DKHZ1,IRO3DKHZ0001,01,121,1
زشریف,کشت وصنعت شریف آباد,فرابورس,بازار اول فرابورس,زراعت و خدمات وابسته,کشاورزی، دامپروری و خدمات وابسته,-,Sharif Abad AGRI,IRO3SAAZ0005,SAAZ,SAAZ1,IRO3SAAZ0001,01,121,1
زشگزا,شیر و گوشت زاگرس شهرکرد,فرابورس,بازار اول فرابورس,زراعت و خدمات وابسته,کشاورزی و خدمات دامپروری جز دامپزشکی,-,Zagros Meat & Milk,IRO3ZMMZ0008,ZMMZ,ZMMZ1,IRO3ZMMZ0001,01,140,1
زفارس,کشت وصنعت و دامپروری پگاه فارس,فرابورس,بازار دوم فرابورس,زراعت و خدمات وابسته,کشاورزی، دامپروری و خدمات وابسته,-,Agriculture PegahF,IRO3APFZ0003,APFZ,APFZ1,IRO3APFZ0001,01,121,3
زفجر,کشاورزی و دامپروری فجر اصفهان,فرابورس,بازار دوم فرابورس,زراعت و خدمات وابسته,کشاورزی و خدمات دامپروری جز دامپزشکی,-,FajrAGRI&Husb,IRO3FAHZ0003,FAHZ,FAHZ1,IRO3FAHZ0001,01,140,3
زفکا,کشت و دامداری فکا,فرابورس,بازار اول فرابورس,زراعت و خدمات وابسته,کشاورزی، دامپروری و خدمات وابسته,-,FKA AGRI&Husb,IRO3FAAZ0000,FAAZ,FAAZ1,IRO3FAAZ0001,01,121,1
زقیام,کشت و دام قیام اصفهان,فرابورس,بازار اول فرابورس,زراعت و خدمات وابسته,کشاورزی و خدمات دامپروری جز دامپزشکی,-,Ghiam AGRI&Husb,IRO3GAHZ0002,GAHZ,GAHZ1,IRO3GAHZ0001,01,140,1
زکشت,کشاورزی مکانیزه اصفهان کشت,فرابورس,بازار اول فرابورس,زراعت و خدمات وابسته,کشاورزی و خدمات دامپروری جز دامپزشکی,-,Isfahan Kesht Agr.,IRO3IKAZ0005,IKAZ,IKAZ1,IRO3IKAZ0001,01,140,1
زگلدشت,کشت و دام گلدشت نمونه اصفهان,فرابورس,بازار اول فرابورس,زراعت و خدمات وابسته,کشاورزی، دامپروری و خدمات وابسته,-,Golgasht Nemouneh,IRO3GDSZ0006,GDSZ,GDSZ1,IRO3GDSZ0001,01,121,1
زماهان,مجتمع تولید گوشت مرغ ماهان,فرابورس,بازار دوم فرابورس,زراعت و خدمات وابسته,پرورش طیور,-,Mahan Chicken,IRO3MACZ0009,MACZ,MACZ1,IRO3MACZ0001,01,141,3
زملارد,کشاورزی و دامپروری ملارد شیر,فرابورس,بازار اول فرابورس,زراعت و خدمات وابسته,کشاورزی و خدمات دامپروری جز دامپزشکی,-,Malard AGRI&Husb,IRO3MAHZ0004,MAHZ,MAHZ1,IRO3MAHZ0001,01,140,1
زنگان,صنعت روی زنگان,فرابورس,بازار دوم فرابورس,فلزات اساسی,تولید فلزات گرانبهای غیرآهن,-,Zangan Industry,IRO3ZAGZ0000,ZAGZ,ZAGZ1,IRO3ZAGZ0001,27,2720,3
زهلال,کشت و صنعت هلال,فرابورس,-,زراعت و خدمات وابسته,کشاورزی، دامپروری و خدمات وابسته,-,HelalAgroIndustry,IRO3HELZ0001,HELZ,HELZ1,IRO3HELZ0001,01,121,3
ساروج,بین المللی ساروج بوشهر,فرابورس,بازار دوم فرابورس,سیمان، آهک و گچ,تولید سیمان، آهک و گچ,-,Sarooj Boushehr,IRO3SRBZ0005,SRBZ,SRBZ1,IRO3SRBZ0001,53,5394,3
سامان,بانک سامان,فرابورس,بازار دوم فرابورس,بانکها و موسسات اعتباری,سایر واسطه های پولی,-,Saman Bank,IRO3BSAP0006,BSAP,BSAP1,IRO3BSAP0001,57,5719,3
ساوه,سیمان ساوه,فرابورس,بازار دوم فرابورس,سیمان، آهک و گچ,تولید سیمان، آهک و گچ,-,Saveh Cement,IRO3SACZ0003,SACZ,SACZ1,IRO3SACZ0001,53,5394,3
ساینا,صنایع بهداشتی ساینا,فرابورس,بازار اول فرابورس,محصولات شیمیایی,تولید شوینده ها، عطر و محصولات آرایشی,-,Saina Company,IRO3SYNZ0002,SYNZ,SYNZ1,IRO3SYNZ0001,44,4424,1
سباقر,سیمان باقران,فرابورس,بازار دوم فرابورس,سیمان، آهک و گچ,تولید سیمان، آهک و گچ,-,Bagheran Cement,IRO3CBBP0003,CBBP,CBBP1,IRO3CBBP0001,53,5394,3
سبزوا,سیمان لار سبزوار,فرابورس,بازار دوم فرابورس,سیمان، آهک و گچ,تولید سیمان، آهک و گچ,-,Sabzevar Cement,IRO3SBZZ0005,SBZZ,SBZZ1,IRO3SBZZ0001,53,5394,3
سپیدار,سپیدار سیستم آسیا,فرابورس,بازار اول فرابورس,رایانه و فعالیت های وابسته به آن,مشاوره و تهیه نرم افزار,-,Sepidar System,IRO3SSYZ0007,SSYZ,SSYZ1,IRO3SSYZ0001,72,7220,1
سجام,مجتمع سیمان غرب آسیا,فرابورس,بازار دوم فرابورس,سیمان، آهک و گچ,تولید سیمان، آهک و گچ,-,Asia Cement,IRO3SASP0007,SASP,SASP1,IRO3SASP0001,53,5394,3
سدبیر,س. تدبیرگران فارس وخوزستان,فرابورس,بازار دوم فرابورس,سرمایه گذاریها,سایر واسطه های مالی,-,Tadbirgaran Inv,IRO3DBRZ0002,DBRZ,DBRZ1,IRO3DBRZ0001,56,5699,3
سرچشمه,سرمایه گذاری مس سرچشمه,فرابورس,بازار دوم فرابورس,سرمایه گذاریها,سایر واسطه های مالی,-,S*MesSarcheshme,IRO3SARZ0006,SARZ,SARZ1,IRO3SARZ0001,56,5699,3
سغدیر,توسعه سرمایه و صنعت غدیر,فرابورس,بازار دوم فرابورس,سیمان، آهک و گچ,تولید سیمان، آهک و گچ,-,Ghadir Invest.,IRO3GHIZ0004,GHIZ,GHIZ1,IRO3GHIZ0001,53,5394,3
سلیم,سرمایه گذاری سلیم,فرابورس,بازار دوم فرابورس,سرمایه گذاریها,سایر واسطه های مالی,-,Salim Invest,IRO3SLIM0009,SLIM,SLIM1,IRO3SLIM0001,56,5699,3
سمتاز,سیمان ممتازان کرمان,فرابورس,بازار دوم فرابورس,سیمان، آهک و گچ,تولید سیمان، آهک و گچ,-,Momtazan Cement,IRO3CMKP0009,CMKP,CMKP1,IRO3CMKP0001,53,5394,3
سمگا,گروه سرمایه گذاری میراث فرهنگی,فرابورس,بازار دوم فرابورس,هتل و رستوران,هتل ها ، اردو و دیگر تدارکات اقامت کوتاه,-,Cultur.Herit. Inv.,IRO3IMFZ0008,IMFZ,IMFZ1,IRO3IMFZ0001,55,5510,3
شاروم,پتروشیمی ارومیه,فرابورس,بازار اول فرابورس,محصولات شیمیایی,تولید کود و ترکیبات نیتروژن,-,UrmiaPetrochemical,IRO3URPZ0005,URPZ,URPZ1,IRO3URPZ0001,44,4412,1
شاوان,پالایش نفت لاوان,فرابورس,بازار دوم فرابورس,فراورده های نفتی، کک و سوخت هسته ای,تولید محصولات پالایش شده پتروشیمی,-,Lavan Oil Ref.,IRO3PNLZ0000,PNLZ,PNLZ1,IRO3PNLZ0001,23,2320,3
شبصیر,تولیدات پتروشیمی قائد بصیر,فرابورس,بازار دوم فرابورس,محصولات شیمیایی,تولید سایر محصولات شیمیایی,-,Ghaed Basir Petro.,IRO3BSRZ0005,BSRZ,BSRZ1,IRO3BSRZ0001,44,4429,3
شپاس,نفت پاسارگاد,فرابورس,بازار دوم فرابورس,فراورده های نفتی، کک و سوخت هسته ای,ساخت فرآورده های نفتی تصفیه شده,-,NPSZ,IRO3NPSZ0003,NPSZ,NPSZ1,IRO3NPSZ0001,23,2308,3
شتوکا,توکا رنگ فولاد سپاهان,فرابورس,بازار دوم فرابورس,محصولات شیمیایی,تولید رنگ، بتونه، جوهر,-,Tuka Paint Co.,IRO3TPSZ0007,TPSZ,TPSZ1,IRO3TPSZ0001,44,4422,3
شجم,صنایع پتروشیمی تخت جمشید,فرابورس,بازار دوم فرابورس,محصولات شیمیایی,تولید مواد شیمیایی پایه به جز کود,-,Takhte Jamshid Pe.,IRO3TJPZ0008,TJPZ,TJPZ1,IRO3TJPZ0001,44,4411,3
شرانل,نفت ایرانول,فرابورس,بازار دوم فرابورس,فراورده های نفتی، کک و سوخت هسته ای,ساخت فرآورده های نفتی تصفیه شده,-,Iranol,IRO3NOLZ0001,NOLZ,NOLZ1,IRO3NOLZ0001,23,2308,3
شرنگی,شیمیایی رنگین,فرابورس,بازار دوم فرابورس,محصولات شیمیایی,تولید رنگ، بتونه، جوهر,-,Rangin,IRO3SHEP0006,SHEP,SHEP1,IRO3SHEP0001,44,4422,3
شصدف,صنعتی دوده فام,فرابورس,بازار اول فرابورس,محصولات شیمیایی,تولید سایر محصولات شیمیایی,-,Sanati Doodeh Fam,IRO3SDFZ0007,SDFZ,SDFZ1,IRO3SDFZ0001,44,4429,1
شفام,تولیدی و صنعتی گوهرفام,فرابورس,بازار دوم فرابورس,محصولات شیمیایی,تولید رنگ، بتونه، جوهر,-,Gohar Fam,IRO3GOFZ0008,GOFZ,GOFZ1,IRO3GOFZ0001,44,4422,3
شکام,صنایع شیمیایی کیمیاگران امروز,فرابورس,بازار دوم فرابورس,محصولات شیمیایی,تولید مواد شیمیایی پایه به جز کود,-,Kimyagaran Chem.,IRO3KICZ0003,KICZ,KICZ1,IRO3KICZ0001,44,4411,3
شگویا,پتروشیمی تندگویان,فرابورس,بازار دوم فرابورس,محصولات شیمیایی,تولید مواد شیمیایی پایه به جز کود,-,Tondgooyan Petro,IRO3TPEZ0003,TPEZ,TPEZ1,IRO3TPEZ0001,44,4411,3
شمس,تولید انرژی برق شمس پاسارگاد,فرابورس,بازار دوم فرابورس,عرضه برق، گاز، بخاروآب گرم,تولید انتقال و توزیع نیروی برق,-,Shams Pasargad,IRO3SMSZ0001,SMSZ,SMSZ1,IRO3SMSZ0001,40,4010,3
شملی,ملی شیمی کشاورز,فرابورس,بازار دوم فرابورس,محصولات شیمیایی,تولید حشره کش و سایر محصولات شیمیایی,-,MelliAgro-Chemical,IRO3MECZ0005,MECZ,MECZ1,IRO3MECZ0001,44,4421,3
شیفته,کشت و صنعت شیفته آرای شرق,فرابورس,بازار دوم فرابورس,محصولات غذایی و آشامیدنی به جز قند و شکر,تولید سایر محصولات غذایی,-,Shifteh,IRO3SFHZ0003,SFHZ,SFHZ1,IRO3SFHZ0001,42,4249,3
عالیس,بهار رز عالیس چناران,فرابورس,بازار دوم فرابورس,محصولات غذایی و آشامیدنی به جز قند و شکر,تولید لبنیات,-,Alis Chanaran,IRO3ALSZ0002,ALSZ,ALSZ1,IRO3ALSZ0001,42,4220,3
غپآذر,شیر پگاه آذربایجان شرقی,فرابورس,بازار اول فرابورس,محصولات غذایی و آشامیدنی به جز قند و شکر,تولید لبنیات,-,E. Azar. Pegah,IRO3GHPZ0005,GHPZ,GHPZ1,IRO3GHPZ0001,42,4220,1
غپونه,نوش پونه مشهد,فرابورس,بازار دوم فرابورس,محصولات غذایی و آشامیدنی به جز قند و شکر,تولید سایر محصولات غذایی,-,N. Pouneh Mashhad,IRO3NPMP0001,NPMP,NPMP1,IRO3NPMP0001,42,4249,3
غدانه,کارخانجات دانه روغنی خراسان,فرابورس,بازار دوم فرابورس,محصولات غذایی و آشامیدنی به جز قند و شکر,تولید روغن های حیوانی و نباتی,-,Khorasan Oilseeds,IRO3KCOZ0005,KCOZ,KCOZ1,IRO3KCOZ0001,42,4214,3
غدیس,پاکدیس,فرابورس,بازار اول فرابورس,محصولات غذایی و آشامیدنی به جز قند و شکر,تولید نوشیدنی و آبمیوه,-,Pakdis Company,IRO3PKDZ0003,PKDZ,PKDZ1,IRO3PKDZ0001,42,4254,1
غشهداب,کشت و صنعت شهداب ناب خراسان,فرابورس,بازار دوم فرابورس,محصولات غذایی و آشامیدنی به جز قند و شکر,تولید سایر محصولات غذایی,-,Shahdab Khorasan,IRO3SHHZ0001,SHHZ,SHHZ1,IRO3SHHZ0001,42,4249,3
غصینو,صنعتی مینو,فرابورس,بازار دوم فرابورس,محصولات غذایی و آشامیدنی به جز قند و شکر,تولید نان و محصولات وابسته,-,Minoo Industry,IRO3MINZ0008,MINZ,MINZ1,IRO3MINZ0001,42,4241,3
غفارس,شیر پاستوریزه پگاه فارس,فرابورس,بازار اول فرابورس,محصولات غذایی و آشامیدنی به جز قند و شکر,تولید لبنیات,-,Pegah Fars Co.,IRO3GFRZ0005,GFRZ,GFRZ1,IRO3GFRZ0001,42,4220,1
غگلپا,شیر پاستوریزه پگاه گلپایگان,فرابورس,بازار اول فرابورس,محصولات غذایی و آشامیدنی به جز قند و شکر,تولید لبنیات,-,Pegah Golpayegan,IRO3PGPZ0005,PGPZ,PGPZ1,IRO3PGPZ0001,42,4220,1
غگلستا,شیر پاستوریزه پگاه گلستان,فرابورس,بازار اول فرابورس,محصولات غذایی و آشامیدنی به جز قند و شکر,تولید لبنیات,-,Pegah Golestan,IRO3PGLZ0009,PGLZ,PGLZ1,IRO3PGLZ0001,42,4220,1
غگیلا,شیرپاستوریزه پگاه گیلان,فرابورس,بازار اول فرابورس,محصولات غذایی و آشامیدنی به جز قند و شکر,تولید لبنیات,-,Pegah Gilan,IRO3PEGZ0008,PEGZ,PEGZ1,IRO3PEGZ0001,42,4220,1
غمایه,شرکت خمیرمایه رضوی,فرابورس,بازار دوم فرابورس,محصولات غذایی و آشامیدنی به جز قند و شکر,تولید نان و محصولات وابسته,-,Razavi Yeast,IRO3RAVZ0001,RAVZ,RAVZ1,IRO3RAVZ0001,42,4241,3
غمینو,شرکت صنایع غذایی مینو شرق,فرابورس,بازار اول فرابورس,محصولات غذایی و آشامیدنی به جز قند و شکر,تولید کاکائو، شکلات و شیرینی جات,-,Minoo Co.,IRO3MNOZ0000,MNOZ,MNOZ1,IRO3MNOZ0001,42,4243,1
غویتا,ویتانا,فرابورس,بازار دوم فرابورس,محصولات غذایی و آشامیدنی به جز قند و شکر,تولید کاکائو، شکلات و شیرینی جات,-,Vitana,IRO3VITZ0001,VITZ,VITZ1,IRO3VITZ0001,42,4243,3
فالوم,آلومتک,فرابورس,بازار دوم فرابورس,فلزات اساسی,تولید فلزات گرانبهای غیرآهن,-,Alumtek,IRO3ALTP0003,ALTP,ALTP1,IRO3ALTP0001,27,2720,3
فتوسا,تولید و توسعه سرب روی ایرانیان,فرابورس,بازار اول فرابورس,فلزات اساسی,تولید فلزات گرانبهای غیرآهن,-,Iranian Lead&Zinc,IRO3ILZZ0005,ILZZ,ILZZ1,IRO3ILZZ0001,27,2720,1
فجهان,جهان فولاد سیرجان,فرابورس,بازار دوم فرابورس,فلزات اساسی,تولید آهن و فولاد پایه,-,Sirjan Jahan Steel,IRO3SJSZ0006,SJSZ,SJSZ1,IRO3SJSZ0001,27,2710,3
فرابورس,فرابورس ایران,فرابورس,بازار اول فرابورس,فعالیتهای کمکی به نهادهای مالی واسط,اداره ی بازارهای مالی,-,Iran Fara Bourse,IRO3FRBZ0000,FRBZ,FRBZ1,IRO3FRBZ0001,67,6711,1
فرود,فولاد شاهرود,فرابورس,بازار دوم فرابورس,فلزات اساسی,تولید آهن و فولاد پایه,-,Shahrood Steel,IRO3SSTZ0004,SSTZ,SSTZ1,IRO3SSTZ0001,27,2710,3
فروژ,صنایع فروآلیاژ ایران,فرابورس,بازار دوم فرابورس,فلزات اساسی,تولید آهن و فولاد پایه,-,IranFerroalloyInd.,IRO3IFIZ0004,IFIZ,IFIZ1,IRO3IFIZ0001,27,2710,3
فروسیل,فروسیلیسیم خمین,فرابورس,بازار دوم فرابورس,فلزات اساسی,تولید آهن و فولاد پایه,-,Ferrosil. Khomein,IRO3FERZ0007,FERZ,FERZ1,IRO3FERZ0001,27,2710,3
فروی,ذوب روی اصفهان,فرابورس,بازار دوم فرابورس,فلزات اساسی,تولید فلزات گرانبهای غیرآهن,-,Isfahan Zinc SML.,IRO3IZSZ0008,IZSZ,IZSZ1,IRO3IZSZ0001,27,2720,3
فزر,پویا زرکان آق دره,فرابورس,بازار دوم فرابورس,استخراج کانه های فلزی,استخراج کانه فلزی غیرآهن,-,Pouya Zarkan,IRO3PZAZ0009,PZAZ,PZAZ1,IRO3PZAZ0001,13,1320,3
فزرین,زرین معدن آسیا,فرابورس,بازار اول فرابورس,فلزات اساسی,تولید فلزات گرانبهای غیرآهن,-,Zarin Madan Co.,IRO3KZIZ0006,KZIZ,KZIZ1,IRO3KZIZ0001,27,2720,1
فسوژ,سوژمیران,فرابورس,بازار اول فرابورس,فلزات اساسی,تولید فلزات گرانبهای غیرآهن,-,Soojmiran,IRO3SOJZ0000,SOJZ,SOJZ1,IRO3SOJZ0001,27,2720,1
فصبا,صبا فولاد خلیج فارس,فرابورس,بازار دوم فرابورس,فلزات اساسی,تولید آهن و فولاد پایه,-,Saba Steel,IRO3SBLZ0001,SBLZ,SBLZ1,IRO3SBLZ0001,27,2710,3
فغدیر,آهن و فولاد غدیر ایرانیان,فرابورس,بازار دوم فرابورس,فلزات اساسی,تولید آهن و فولاد پایه,-,GhadirIranian Iron,IRO3GIRZ0002,GIRZ,GIRZ1,IRO3GIRZ0001,27,2710,3
فگستر,گسترش صنایع روی ایرانیان,فرابورس,بازار اول فرابورس,فلزات اساسی,تولید فلزات گرانبهای غیرآهن,-,Iranian Zinc Ind.,IRO3IZIZ0000,IZIZ,IZIZ1,IRO3IZIZ0001,27,2720,1
فن افزار,توسعه فن افزار توسن,فرابورس,بازار اول فرابورس,رایانه و فعالیت های وابسته به آن,مشاوره و تهیه نرم افزار,-,Tosan Techno,IRO3TOTZ0007,TOTZ,TOTZ1,IRO3TOTZ0001,72,7220,1
فنر,پارس فنر,فرابورس,بازار دوم فرابورس,خودرو و ساخت قطعات,قطعات یدکی و جانبی وسایل نقلیه موتوری,-,Pars Fanar,IRO3PSFZ0003,PSFZ,PSFZ1,IRO3PSFZ0001,34,3430,3
فنفت,صنایع تجهیزات نفت,فرابورس,بازار دوم فرابورس,فلزات اساسی,تولید آهن و فولاد پایه,-,Petro.Eqpt.Ind.,IRO3PEIZ0006,PEIZ,PEIZ1,IRO3PEIZ0001,27,2710,3
فهامون,آلیاژ گستر هامون,فرابورس,بازار دوم فرابورس,فلزات اساسی,تولید آهن و فولاد پایه,-,Alloy Co. Hamoon,IRO3AYHZ0000,AYHZ,AYHZ1,IRO3AYHZ0001,27,2710,3
فوکا,فولاد کاویان,فرابورس,بازار دوم فرابورس,فلزات اساسی,تولید آهن و فولاد پایه,-,Folad Kavian,IRO3FVAP0007,FVAP,FVAP1,IRO3FVAP0001,27,2710,3
فولای,صنایع فولاد آلیاژی یزد,فرابورس,بازار دوم فرابورس,فلزات اساسی,تولید آهن و فولاد پایه,-,Yazd Fold,IRO3FAYZ0002,FAYZ,FAYZ1,IRO3FAYZ0001,27,2710,3
قاسم,قاسم ایران,فرابورس,بازار دوم فرابورس,خرده فروشی،باستثنای وسایل نقلیه موتوری,خرده فروشی موادغذایی در فروشگاههای تخصصی,-,Ghassem Co.,IRO3GASZ0009,GASZ,GASZ1,IRO3GASZ0001,47,4721,3
قتربت,قند تربت حیدریه,فرابورس,بازار دوم فرابورس,قند و شکر,تولید شکر,-,Torbat Sugar,IRO3TSUP0002,TSUP,TSUP1,IRO3TSUP0001,38,3842,3
قچار,فراوردههای غذایی وقند چهارمحال,فرابورس,بازار دوم فرابورس,قند و شکر,تولید شکر,-,ChaharMahal,IRO3CHRZ0007,CHRZ,CHRZ1,IRO3CHRZ0001,38,3842,3
قشیر,قند شیروان قوچان و بجنورد,فرابورس,بازار دوم فرابورس,قند و شکر,تولید شکر,-,Ghand Shirvan,IRO3GHSZ0002,GHSZ,GHSZ1,IRO3GHSZ0001,38,3842,3
کاسپین,داروسازی کاسپین تامین,فرابورس,بازار دوم فرابورس,مواد و محصولات دارویی,تولید داروهای شیمیایی و گیاهی,-,Kaspian Daroo,IRO3KSPZ0006,KSPZ,KSPZ1,IRO3KSPZ0001,43,4323,3
کانسار,معدنکاران نسوز,فرابورس,بازار دوم فرابورس,استخراج سایر معادن,استخراج سنگ، ماسه و خاک رس,-,MadankaranNasooz,IRO3MKNZ0004,MKNZ,MKNZ1,IRO3MKNZ0001,14,1410,3
کایزد,فرانسوز یزد,فرابورس,بازار دوم فرابورس,سایر محصولات کانی غیرفلزی,تولید محصولات سرامیکی نسوز,-,Yazd Faranasooz,IRO3YAFZ0002,YAFZ,YAFZ1,IRO3YAFZ0001,54,5492,3
کپرسپولیس,مجتمع کاشی و سنگ پرسپولیس یزد,فرابورس,بازار دوم فرابورس,کاشی و سرامیک,تولید گل و سرامیک ساختمانی,-,Persepolis Tile,IRO3PRPT0000,PRPT,PRPT1,IRO3PRPT0001,49,4993,3
کپرور,فرآوری زغال سنگ پروده طبس,فرابورس,بازار دوم فرابورس,استخراج زغال سنگ,استخراج و انبار زغال سنگ سخت,-,Tabas Company,IRO3TBSZ0003,TBSZ,TBSZ1,IRO3TBSZ0001,10,1010,3
کتوسعه,توسعه صنایع و معادن کوثر,فرابورس,بازار اول فرابورس,استخراج سایر معادن,استخراج سنگ، ماسه و خاک رس,-,Kowsar Min. Ind.,IRO3KOMZ0003,KOMZ,KOMZ1,IRO3KOMZ0001,14,1410,1
کتوکا,تولیدی و خدمات صنایع نسوز توکا,فرابورس,بازار اول فرابورس,سایر محصولات کانی غیرفلزی,تولید محصولات سرامیکی نسوز,-,TUKA Co.,IRO3TUKZ0008,TUKZ,TUKZ1,IRO3TUKZ0001,54,5492,1
کربن,کانی کربن طبس,فرابورس,بازار دوم فرابورس,استخراج زغال سنگ,استخراج و انبار زغال سنگ سخت,-,Kani Karbon Tabas,IRO3KKTZ0000,KKTZ,KKTZ1,IRO3KKTZ0001,10,1010,3
کرمان,س. توسعه وعمران استان کرمان,فرابورس,بازار اول فرابورس,انبوه سازی، املاک و مستغلات,املاک و مستغلات با ملک خود یا لیزینگ شده,-,Kerman Invest,IRO3KRMZ0000,KRMZ,KRMZ1,IRO3KRMZ0001,70,7010,1
کرومیت,توسعه کرومیت کاوندگان بنا,فرابورس,بازار دوم فرابورس,استخراج کانه های فلزی,استخراج کانه فلزی غیرآهن,-,Kavandegan bana,IRO3KVNZ0003,KVNZ,KVNZ1,IRO3KVNZ0001,13,1320,3
کزغال,زغال سنگ پروده طبس,فرابورس,بازار دوم فرابورس,استخراج زغال سنگ,استخراج و انبار زغال سنگ سخت,-,TabasParvadeh Coal,IRO3TPCZ0005,TPCZ,TPCZ1,IRO3TPCZ0001,10,1010,3
کشرق,صنعتی و معدنی شمال شرق شاهرود,فرابورس,بازار دوم فرابورس,استخراج زغال سنگ,استخراج و انبار زغال سنگ سخت,-,Shahrood N.E.,IRO3KSGZ0007,KSGZ,KSGZ1,IRO3KSGZ0001,10,1010,3
کگهر,معدنی و صنعتی گهرزمین,فرابورس,بازار دوم فرابورس,استخراج کانه های فلزی,استخراج آهن,-,Gohar Zamin Iron,IRO3GZIZ0002,GZIZ,GZIZ1,IRO3GZIZ0001,13,1310,3
کلر,کلر پارس,فرابورس,بازار اول فرابورس,محصولات شیمیایی,تولید مواد شیمیایی پایه به جز کود,-,Chlor Pars,IRO3CHPZ0009,CHPZ,CHPZ1,IRO3CHPZ0001,44,4411,1
کمرجان,بازرگانی و تولیدی مرجان کار,فرابورس,بازار اول فرابورس,سایر محصولات کانی غیرفلزی,تولید محصولات بتنی، سیمانی و گچ,-,Marjan Kar,IRO3MRJZ0003,MRJZ,MRJZ1,IRO3MRJZ0001,54,5495,1
کوثر,بیمه کوثر,فرابورس,بازار دوم فرابورس,بیمه وصندوق بازنشستگی به جزتامین اجتماعی,فعالیتهای مالی و اجرائی,-,Kosar Ins.,IRO3BKSZ0002,BKSZ,BKSZ1,IRO3BKSZ0001,66,6611,3
کوچین,تولیدی کوچین,فرابورس,بازار دوم فرابورس,محصولات غذایی و آشامیدنی به جز قند و شکر,تولید سایر محصولات غذایی,-,Koochin,IRO3KCHZ0004,KCHZ,KCHZ1,IRO3KCHZ0001,42,4249,3
کولان,کولان سل,فرابورس,بازار دوم فرابورس,محصولات کاغذی,تولید سایر محصولات کاغذ و مقوا,-,Koolan Cel,IRO3KOLZ0004,KOLZ,KOLZ1,IRO3KOLZ0001,21,2109,3
کی بی سی,شرکت کی بی سی,فرابورس,بازار دوم فرابورس,مواد و محصولات دارویی,تولید داروهای شیمیایی و گیاهی,-,KBC Company,IRO3KBCZ0000,KBCZ,KBCZ1,IRO3KBCZ0001,43,4323,3
کیسون,شرکت کیسون,فرابورس,بازار دوم فرابورس,خدمات فنی و مهندسی,فعالیتهای ساختمانی و مشاوره فنی مرتبط,-,Kayson,IRO3KSNP0000,KSNP,KSNP1,IRO3KSNP0001,74,7421,3
گدنا,تهیه توزیع غذای دنا آفرین فدک,فرابورس,بازار دوم فرابورس,هتل و رستوران,فعالیت خدماتی مربوط به غذا و آشامیدنی ها,-,Dona Catering,IRO3DCAZ0000,DCAZ,DCAZ1,IRO3DCAZ0001,55,5520,3
گکوثر,هتل پارسیان کوثر اصفهان,فرابورس,بازار دوم فرابورس,هتل و رستوران,هتل ها ، اردو و دیگر تدارکات اقامت کوتاه,-,ParsianKosar Hotel,IRO3PKHZ0009,PKHZ,PKHZ1,IRO3PKHZ0001,55,5510,3
گلدیرا,صنایع گلدیران,فرابورس,بازار دوم فرابورس,ماشین آلات و تجهیزات,تولید وسایل خانگی,-,GoldIran,IRO3GOIZ0005,GOIZ,GOIZ1,IRO3GOIZ0001,29,2930,3
گوهران,سرمایه گذاری توسعه گوهران امید,فرابورس,بازار دوم فرابورس,سرمایه گذاریها,سایر واسطه های مالی,-,Omid Goharan,IRO3GOMZ0009,GOMZ,GOMZ1,IRO3GOMZ0001,56,5699,3
لطیف,محصولات کاغذی لطیف,فرابورس,بازار اول فرابورس,محصولات کاغذی,تولید سایر محصولات کاغذ و مقوا,-,Latif Paper,IRO3LPCZ0003,LPCZ,LPCZ1,IRO3LPCZ0001,21,2109,1
مادیرا,صنایع مادیران,فرابورس,بازار اول فرابورس,تولید محصولات کامپیوتری الکترونیکی ونوری,تولید رایانه و تجهیزات جانبی,-,MaadiranIndustries,IRO3IOMZ0007,IOMZ,IOMZ1,IRO3IOMZ0001,26,2620,1
مارون,پتروشیمی مارون,فرابورس,بازار دوم فرابورس,محصولات شیمیایی,تولید مواد شیمیایی پایه به جز کود,-,Maroon Petro.,IRO3PMRZ0005,PMRZ,PMRZ1,IRO3PMRZ0001,44,4411,3
مدیریت,س. و خدمات مدیریت صند. ب کشوری,فرابورس,بازار اول فرابورس,سرمایه گذاریها,سایر واسطه های مالی,-,Inv. Srv. of CSPF,IRO3ISMZ0003,ISMZ,ISMZ1,IRO3ISMZ0001,56,5699,1
معین,بیمه ایران - معین,فرابورس,بازار دوم فرابورس,بیمه وصندوق بازنشستگی به جزتامین اجتماعی,بیمه غیرزندگی,-,Moien Reinsurance,IRO3MONZ0000,MONZ,MONZ1,IRO3MONZ0001,66,6603,3
مفاخر,توسعه فناوری اطلاعات خوارزمی,فرابورس,بازار دوم فرابورس,رایانه و فعالیت های وابسته به آن,سایر فعالیت های رایانه ای,-,Kharazmi Info.,IRO3KARZ0004,KARZ,KARZ1,IRO3KARZ0001,72,7200,3
مهر,سرمایه گذاری مهر,فرابورس,بازار دوم فرابورس,سرمایه گذاریها,سایر واسطه های مالی,-,Mehr Investment,IRO3MHRI0006,MHRI,MHRI1,IRO3MHRI0001,56,5699,3
میهن,بیمه میهن,فرابورس,بازار دوم فرابورس,بیمه وصندوق بازنشستگی به جزتامین اجتماعی,فعالیتهای مالی و اجرائی,-,Mihan Insurance,IRO3MIHZ0006,MIHZ,MIHZ1,IRO3MIHZ0001,66,6611,3
ناما,تولیدی مخازن گاز آسیاناما,فرابورس,بازار دوم فرابورس,خودرو و ساخت قطعات,قطعات یدکی و جانبی وسایل نقلیه موتوری,-,Asianama N.G.T,IRO3NAMZ0006,NAMZ,NAMZ1,IRO3NAMZ0001,34,3430,3
نان,صنایع غذایی رضوی,فرابورس,بازار دوم فرابورس,محصولات غذایی و آشامیدنی به جز قند و شکر,تولید نان و محصولات وابسته,-,Nane Razavi,IRO3NRVZ0006,NRVZ,NRVZ1,IRO3NRVZ0001,42,4241,3
نخریس,نخریسی و نساجی خسروی خراسان,فرابورس,بازار دوم فرابورس,منسوجات,آماده سازی و ریسندگی نخ، پارچه بافی,-,Nakhris,IRO3NAKZ0008,NAKZ,NAKZ1,IRO3NAKZ0001,17,1711,3
نطرین,عطرین نخ قم,فرابورس,بازار دوم فرابورس,منسوجات,آماده سازی و ریسندگی نخ، پارچه بافی,-,Atrin Nakh Qom,IRO3ANQZ0002,ANQZ,ANQZ1,IRO3ANQZ0001,17,1711,3
نوین,بیمه نوین,فرابورس,بازار دوم فرابورس,بیمه وصندوق بازنشستگی به جزتامین اجتماعی,فعالیتهای مالی و اجرائی,-,Novin Bime,IRO3BNOP0005,BNOP,BNOP1,IRO3BNOP0001,66,6611,3
نیان,نیان الکترونیک,فرابورس,بازار دوم فرابورس,تولید محصولات کامپیوتری الکترونیکی ونوری,تولید تجهیزات الکترونیکی پیشرفته,-,Nian Electronic,IRO3NIAZ0002,NIAZ,NIAZ1,IRO3NIAZ0001,26,2630,3
نیروترانسفو,کارخانجات تولیدی نیروترانسفو,فرابورس,بازار دوم فرابورس,ماشین آلات و دستگاه های برقی,تولید موتورها، مولدها و مبدلهای الکتریکی,-,Niroo Transfo,IRO3TNZF0004,TNZF,TNZF1,IRO3TNZF0001,31,3110,3
نیشکر,توسعه نیشکر و صنایع جانبی,فرابورس,بازار دوم فرابورس,قند و شکر,تولید شکر,-,Sugar Cane Dev.,IRO3SUGZ0005,SUGZ,SUGZ1,IRO3SUGZ0001,38,3842,3
هانیکو,هامون نایزه,فرابورس,بازار دوم فرابورس,ساخت محصولات فلزی,تولید سایر محصولات فلزی ساخته شده,-,HaniCo,IRO3HANI0004,HANI,HANI1,IRO3HANI0001,28,2899,3
هجرت,پخش هجرت,فرابورس,بازار دوم فرابورس,مواد و محصولات دارویی,تولید سایر محصولات دارویی,-,HejratDistribution,IRO3HEDZ0001,HEDZ,HEDZ1,IRO3HEDZ0001,43,4399,3
هرمز,فولاد هرمزگان جنوب,فرابورس,بازار دوم فرابورس,فلزات اساسی,تولید آهن و فولاد پایه,-,Hormozgan Co.,IRO3FOHZ0007,FOHZ,FOHZ1,IRO3FOHZ0001,27,2710,3
وآوا,سرمایه گذاری آوا نوین,فرابورس,بازار اول فرابورس,سرمایه گذاریها,سایر واسطه های مالی,-,Ava Novin INVEST,IRO3ANIZ0002,ANIZ,ANIZ1,IRO3ANIZ0001,56,5699,1
والماس,س. الماس حکمت ایرانیان,فرابورس,بازار اول فرابورس,سرمایه گذاریها,سایر واسطه های مالی,-,Almas Investmen,IRO3AHIZ0000,AHIZ,AHIZ1,IRO3AHIZ0001,56,5699,1
وامین,سرمایه گذاری امین مهرگان,فرابورس,بازار دوم فرابورس,سرمایه گذاریها,سایر واسطه های مالی,-,Amin Tavan Inv.,IRO3ATAP0006,ATAP,ATAP1,IRO3ATAP0001,56,5699,3
وپایا,سرمایه گذاری پایا تدبیرپارسا,فرابورس,بازار دوم فرابورس,سرمایه گذاریها,سایر واسطه های مالی,-,Paya Tadbir Parsa,IRO3PTPZ0000,PTPZ,PTPZ1,IRO3PTPZ0001,56,5699,3
وپویا,سرمایه گذاری پویا,فرابورس,بازار اول فرابورس,سرمایه گذاریها,سایر واسطه های مالی,-,Pouya Investment,IRO3PIVZ0005,PIVZ,PIVZ1,IRO3PIVZ0001,56,5699,1
وتعاون,بیمه تعاون,فرابورس,بازار دوم فرابورس,بیمه وصندوق بازنشستگی به جزتامین اجتماعی,بیمه غیرزندگی,-,Taavon Ins.,IRO3TAVZ0009,TAVZ,TAVZ1,IRO3TAVZ0001,66,6603,3
وثنو,سرمایه گذاری ساختمانی نوین,فرابورس,بازار دوم فرابورس,سرمایه گذاریها,سایر واسطه های مالی,-,Novin cons.Inv,IRO3SNOP0006,SNOP,SNOP1,IRO3SNOP0001,56,5699,3
ودی,بیمه دی,فرابورس,بازار دوم فرابورس,بیمه وصندوق بازنشستگی به جزتامین اجتماعی,بیمه غیرزندگی,-,Day Bime,IRO3BMDZ0007,BMDZ,BMDZ1,IRO3BMDZ0001,66,6603,3
وسبحان,سرمایه گذاری سبحان,فرابورس,بازار اول فرابورس,سرمایه گذاریها,سایر واسطه های مالی,-,Sobhan Invest.,IRO3SOBZ0008,SOBZ,SOBZ1,IRO3SOBZ0001,56,5699,1
وسپهر,گروه سرمایه گذاری سپهرصادرات,فرابورس,بازار اول فرابورس,شرکتهای چند رشته ای صنعتی,شرکتهای صنعتی چند رشته ای,-,SepehrSaderat Inv.,IRO3SAIZ0007,SAIZ,SAIZ1,IRO3SAIZ0001,39,3999,1
وطوبی,سرمایه گذاری اقتصاد شهر طوبی,فرابورس,بازار اول فرابورس,سرمایه گذاریها,سایر واسطه های مالی,-,Toba Inv.,IRO3TOIZ0000,TOIZ,TOIZ1,IRO3TOIZ0001,56,5699,1
وکبهمن,مدیریت سرمایه گذاری کوثربهمن,فرابورس,بازار اول فرابورس,سرمایه گذاریها,سایر واسطه های مالی,-,KBahman Inv. Mng.,IRO3KBIZ0004,KBIZ,KBIZ1,IRO3KBIZ0001,56,5699,1
وگردش,بانک گردشگری,فرابورس,بازار دوم فرابورس,بانکها و موسسات اعتباری,سایر واسطه های پولی,-,Tourism Bank,IRO3GRDZ0007,GRDZ,GRDZ1,IRO3GRDZ0001,57,5719,3
وگستر,گسترش سرمایه گذاری ایرانیان,فرابورس,بازار دوم فرابورس,سرمایه گذاریها,سایر واسطه های مالی,-,Iranian Investment,IRO3IRNZ0003,IRNZ,IRNZ1,IRO3IRNZ0001,56,5699,3
ولبهمن,شرکت بهمن لیزینگ,فرابورس,بازار اول فرابورس,سایر واسطه گریهای مالی,لیزینگ مالی,-,Bahman Liz.,IRO3BHLZ0004,BHLZ,BHLZ1,IRO3BHLZ0001,58,5891,1
ولتجار,واسپاری تجار ایرانیان,فرابورس,بازار دوم فرابورس,سایر واسطه گریهای مالی,لیزینگ مالی,-,Iranian Inv Co,IRO3GSIP0003,GSIP,GSIP1,IRO3GSIP0001,58,5891,3
ولشرق,لیزینگ ایران و شرق,فرابورس,بازار اول فرابورس,سایر واسطه گریهای مالی,لیزینگ مالی,-,Iran & Shargh Lsg.,IRO3ISLZ0004,ISLZ,ISLZ1,IRO3ISLZ0001,58,5891,1
ومپنا,مدیریت نیروگاهی ایرانیان مپنا,فرابورس,بازار دوم فرابورس,عرضه برق، گاز، بخاروآب گرم,تولید انتقال و توزیع نیروی برق,-,Mapna Group,IRO3MPGZ0008,MPGZ,MPGZ1,IRO3MPGZ0001,40,4010,3
ومعلم,بیمه معلم,فرابورس,بازار دوم فرابورس,بیمه وصندوق بازنشستگی به جزتامین اجتماعی,بیمه غیرزندگی,-,Moallem Insurance,IRO3MOIZ0007,MOIZ,MOIZ1,IRO3MOIZ0001,66,6603,3
وملل,اعتباری ملل,فرابورس,بازار دوم فرابورس,بانکها و موسسات اعتباری,سایر واسطه های پولی,-,Melal Credit Inst.,IRO3ASKZ0003,ASKZ,ASKZ1,IRO3ASKZ0001,57,5719,3
وهامون,سرمایه گذاری هامون صبا,فرابورس,بازار اول فرابورس,سرمایه گذاریها,سایر واسطه های مالی,-,Hamoon Saba Inv.,IRO3HAIZ0000,HAIZ,HAIZ1,IRO3HAIZ0001,56,5699,1
وهور,گروه س.انرژی امید تابان هور,فرابورس,بازار دوم فرابورس,عرضه برق، گاز، بخاروآب گرم,تولید انتقال و توزیع نیروی برق,-,Omid Taban Hoor,IRO3HORZ0003,HORZ,HORZ1,IRO3HORZ0001,40,4010,3
